"","sample","Class.y","richness","site"
"1","CS1","Agaricomycetes",0,"donglingshan"
"2","CS1","Dothideomycetes",5,"donglingshan"
"3","CS1","Eurotiomycetes",0,"donglingshan"
"4","CS1","Exobasidiomycetes",0,"donglingshan"
"5","CS1","Leotiomycetes",0,"donglingshan"
"6","CS1","Sordariomycetes",11,"donglingshan"
"7","CS1","Taphrinomycetes",0,"donglingshan"
"8","CS1","Ustilaginomycetes",0,"donglingshan"
"9","CS10","Agaricomycetes",0,"donglingshan"
"10","CS10","Dothideomycetes",8,"donglingshan"
"11","CS10","Eurotiomycetes",0,"donglingshan"
"12","CS10","Exobasidiomycetes",0,"donglingshan"
"13","CS10","Leotiomycetes",0,"donglingshan"
"14","CS10","Sordariomycetes",4,"donglingshan"
"15","CS10","Taphrinomycetes",1,"donglingshan"
"16","CS10","Ustilaginomycetes",0,"donglingshan"
"17","CS100","Agaricomycetes",0,"badagongshan"
"18","CS100","Dothideomycetes",9,"badagongshan"
"19","CS100","Eurotiomycetes",0,"badagongshan"
"20","CS100","Exobasidiomycetes",0,"badagongshan"
"21","CS100","Leotiomycetes",1,"badagongshan"
"22","CS100","Sordariomycetes",14,"badagongshan"
"23","CS100","Taphrinomycetes",1,"badagongshan"
"24","CS100","Ustilaginomycetes",0,"badagongshan"
"25","CS101","Agaricomycetes",0,"badagongshan"
"26","CS101","Dothideomycetes",7,"badagongshan"
"27","CS101","Eurotiomycetes",0,"badagongshan"
"28","CS101","Exobasidiomycetes",0,"badagongshan"
"29","CS101","Leotiomycetes",2,"badagongshan"
"30","CS101","Sordariomycetes",18,"badagongshan"
"31","CS101","Taphrinomycetes",0,"badagongshan"
"32","CS101","Ustilaginomycetes",0,"badagongshan"
"33","CS102","Agaricomycetes",0,"badagongshan"
"34","CS102","Dothideomycetes",10,"badagongshan"
"35","CS102","Eurotiomycetes",1,"badagongshan"
"36","CS102","Exobasidiomycetes",0,"badagongshan"
"37","CS102","Leotiomycetes",1,"badagongshan"
"38","CS102","Sordariomycetes",16,"badagongshan"
"39","CS102","Taphrinomycetes",0,"badagongshan"
"40","CS102","Ustilaginomycetes",0,"badagongshan"
"41","CS106","Agaricomycetes",0,"nabanhe"
"42","CS106","Dothideomycetes",3,"nabanhe"
"43","CS106","Eurotiomycetes",0,"nabanhe"
"44","CS106","Exobasidiomycetes",0,"nabanhe"
"45","CS106","Leotiomycetes",0,"nabanhe"
"46","CS106","Sordariomycetes",2,"nabanhe"
"47","CS106","Taphrinomycetes",0,"nabanhe"
"48","CS106","Ustilaginomycetes",0,"nabanhe"
"49","CS107","Agaricomycetes",0,"nabanhe"
"50","CS107","Dothideomycetes",3,"nabanhe"
"51","CS107","Eurotiomycetes",0,"nabanhe"
"52","CS107","Exobasidiomycetes",0,"nabanhe"
"53","CS107","Leotiomycetes",0,"nabanhe"
"54","CS107","Sordariomycetes",9,"nabanhe"
"55","CS107","Taphrinomycetes",0,"nabanhe"
"56","CS107","Ustilaginomycetes",0,"nabanhe"
"57","CS108","Agaricomycetes",0,"nabanhe"
"58","CS108","Dothideomycetes",2,"nabanhe"
"59","CS108","Eurotiomycetes",1,"nabanhe"
"60","CS108","Exobasidiomycetes",0,"nabanhe"
"61","CS108","Leotiomycetes",0,"nabanhe"
"62","CS108","Sordariomycetes",15,"nabanhe"
"63","CS108","Taphrinomycetes",0,"nabanhe"
"64","CS108","Ustilaginomycetes",0,"nabanhe"
"65","CS109","Agaricomycetes",0,"nabanhe"
"66","CS109","Dothideomycetes",7,"nabanhe"
"67","CS109","Eurotiomycetes",5,"nabanhe"
"68","CS109","Exobasidiomycetes",0,"nabanhe"
"69","CS109","Leotiomycetes",0,"nabanhe"
"70","CS109","Sordariomycetes",29,"nabanhe"
"71","CS109","Taphrinomycetes",0,"nabanhe"
"72","CS109","Ustilaginomycetes",0,"nabanhe"
"73","CS11","Agaricomycetes",0,"donglingshan"
"74","CS11","Dothideomycetes",8,"donglingshan"
"75","CS11","Eurotiomycetes",0,"donglingshan"
"76","CS11","Exobasidiomycetes",0,"donglingshan"
"77","CS11","Leotiomycetes",1,"donglingshan"
"78","CS11","Sordariomycetes",2,"donglingshan"
"79","CS11","Taphrinomycetes",0,"donglingshan"
"80","CS11","Ustilaginomycetes",0,"donglingshan"
"81","CS110","Agaricomycetes",0,"nabanhe"
"82","CS110","Dothideomycetes",4,"nabanhe"
"83","CS110","Eurotiomycetes",0,"nabanhe"
"84","CS110","Exobasidiomycetes",0,"nabanhe"
"85","CS110","Leotiomycetes",1,"nabanhe"
"86","CS110","Sordariomycetes",17,"nabanhe"
"87","CS110","Taphrinomycetes",0,"nabanhe"
"88","CS110","Ustilaginomycetes",1,"nabanhe"
"89","CS111","Agaricomycetes",0,"nabanhe"
"90","CS111","Dothideomycetes",8,"nabanhe"
"91","CS111","Eurotiomycetes",0,"nabanhe"
"92","CS111","Exobasidiomycetes",0,"nabanhe"
"93","CS111","Leotiomycetes",0,"nabanhe"
"94","CS111","Sordariomycetes",22,"nabanhe"
"95","CS111","Taphrinomycetes",0,"nabanhe"
"96","CS111","Ustilaginomycetes",1,"nabanhe"
"97","CS112","Agaricomycetes",0,"nabanhe"
"98","CS112","Dothideomycetes",7,"nabanhe"
"99","CS112","Eurotiomycetes",1,"nabanhe"
"100","CS112","Exobasidiomycetes",0,"nabanhe"
"101","CS112","Leotiomycetes",0,"nabanhe"
"102","CS112","Sordariomycetes",13,"nabanhe"
"103","CS112","Taphrinomycetes",0,"nabanhe"
"104","CS112","Ustilaginomycetes",0,"nabanhe"
"105","CS113","Agaricomycetes",1,"nabanhe"
"106","CS113","Dothideomycetes",13,"nabanhe"
"107","CS113","Eurotiomycetes",3,"nabanhe"
"108","CS113","Exobasidiomycetes",0,"nabanhe"
"109","CS113","Leotiomycetes",0,"nabanhe"
"110","CS113","Sordariomycetes",17,"nabanhe"
"111","CS113","Taphrinomycetes",0,"nabanhe"
"112","CS113","Ustilaginomycetes",0,"nabanhe"
"113","CS114","Agaricomycetes",0,"nabanhe"
"114","CS114","Dothideomycetes",8,"nabanhe"
"115","CS114","Eurotiomycetes",3,"nabanhe"
"116","CS114","Exobasidiomycetes",0,"nabanhe"
"117","CS114","Leotiomycetes",0,"nabanhe"
"118","CS114","Sordariomycetes",21,"nabanhe"
"119","CS114","Taphrinomycetes",0,"nabanhe"
"120","CS114","Ustilaginomycetes",0,"nabanhe"
"121","CS115","Agaricomycetes",1,"nabanhe"
"122","CS115","Dothideomycetes",17,"nabanhe"
"123","CS115","Eurotiomycetes",3,"nabanhe"
"124","CS115","Exobasidiomycetes",0,"nabanhe"
"125","CS115","Leotiomycetes",0,"nabanhe"
"126","CS115","Sordariomycetes",24,"nabanhe"
"127","CS115","Taphrinomycetes",0,"nabanhe"
"128","CS115","Ustilaginomycetes",0,"nabanhe"
"129","CS116","Agaricomycetes",1,"nabanhe"
"130","CS116","Dothideomycetes",11,"nabanhe"
"131","CS116","Eurotiomycetes",5,"nabanhe"
"132","CS116","Exobasidiomycetes",0,"nabanhe"
"133","CS116","Leotiomycetes",0,"nabanhe"
"134","CS116","Sordariomycetes",22,"nabanhe"
"135","CS116","Taphrinomycetes",0,"nabanhe"
"136","CS116","Ustilaginomycetes",0,"nabanhe"
"137","CS117","Agaricomycetes",0,"nabanhe"
"138","CS117","Dothideomycetes",6,"nabanhe"
"139","CS117","Eurotiomycetes",1,"nabanhe"
"140","CS117","Exobasidiomycetes",0,"nabanhe"
"141","CS117","Leotiomycetes",0,"nabanhe"
"142","CS117","Sordariomycetes",31,"nabanhe"
"143","CS117","Taphrinomycetes",0,"nabanhe"
"144","CS117","Ustilaginomycetes",0,"nabanhe"
"145","CS118","Agaricomycetes",0,"nabanhe"
"146","CS118","Dothideomycetes",20,"nabanhe"
"147","CS118","Eurotiomycetes",1,"nabanhe"
"148","CS118","Exobasidiomycetes",0,"nabanhe"
"149","CS118","Leotiomycetes",0,"nabanhe"
"150","CS118","Sordariomycetes",20,"nabanhe"
"151","CS118","Taphrinomycetes",0,"nabanhe"
"152","CS118","Ustilaginomycetes",0,"nabanhe"
"153","CS119","Agaricomycetes",0,"nabanhe"
"154","CS119","Dothideomycetes",9,"nabanhe"
"155","CS119","Eurotiomycetes",0,"nabanhe"
"156","CS119","Exobasidiomycetes",0,"nabanhe"
"157","CS119","Leotiomycetes",1,"nabanhe"
"158","CS119","Sordariomycetes",30,"nabanhe"
"159","CS119","Taphrinomycetes",0,"nabanhe"
"160","CS119","Ustilaginomycetes",0,"nabanhe"
"161","CS12","Agaricomycetes",1,"donglingshan"
"162","CS12","Dothideomycetes",6,"donglingshan"
"163","CS12","Eurotiomycetes",0,"donglingshan"
"164","CS12","Exobasidiomycetes",0,"donglingshan"
"165","CS12","Leotiomycetes",2,"donglingshan"
"166","CS12","Sordariomycetes",3,"donglingshan"
"167","CS12","Taphrinomycetes",1,"donglingshan"
"168","CS12","Ustilaginomycetes",0,"donglingshan"
"169","CS120","Agaricomycetes",0,"nabanhe"
"170","CS120","Dothideomycetes",9,"nabanhe"
"171","CS120","Eurotiomycetes",5,"nabanhe"
"172","CS120","Exobasidiomycetes",0,"nabanhe"
"173","CS120","Leotiomycetes",0,"nabanhe"
"174","CS120","Sordariomycetes",23,"nabanhe"
"175","CS120","Taphrinomycetes",0,"nabanhe"
"176","CS120","Ustilaginomycetes",0,"nabanhe"
"177","CS121","Agaricomycetes",0,"nabanhe"
"178","CS121","Dothideomycetes",5,"nabanhe"
"179","CS121","Eurotiomycetes",2,"nabanhe"
"180","CS121","Exobasidiomycetes",0,"nabanhe"
"181","CS121","Leotiomycetes",0,"nabanhe"
"182","CS121","Sordariomycetes",25,"nabanhe"
"183","CS121","Taphrinomycetes",0,"nabanhe"
"184","CS121","Ustilaginomycetes",0,"nabanhe"
"185","CS122","Agaricomycetes",0,"nabanhe"
"186","CS122","Dothideomycetes",9,"nabanhe"
"187","CS122","Eurotiomycetes",0,"nabanhe"
"188","CS122","Exobasidiomycetes",0,"nabanhe"
"189","CS122","Leotiomycetes",0,"nabanhe"
"190","CS122","Sordariomycetes",20,"nabanhe"
"191","CS122","Taphrinomycetes",0,"nabanhe"
"192","CS122","Ustilaginomycetes",0,"nabanhe"
"193","CS123","Agaricomycetes",0,"nabanhe"
"194","CS123","Dothideomycetes",5,"nabanhe"
"195","CS123","Eurotiomycetes",0,"nabanhe"
"196","CS123","Exobasidiomycetes",0,"nabanhe"
"197","CS123","Leotiomycetes",0,"nabanhe"
"198","CS123","Sordariomycetes",18,"nabanhe"
"199","CS123","Taphrinomycetes",0,"nabanhe"
"200","CS123","Ustilaginomycetes",0,"nabanhe"
"201","CS124","Agaricomycetes",1,"nabanhe"
"202","CS124","Dothideomycetes",12,"nabanhe"
"203","CS124","Eurotiomycetes",2,"nabanhe"
"204","CS124","Exobasidiomycetes",0,"nabanhe"
"205","CS124","Leotiomycetes",0,"nabanhe"
"206","CS124","Sordariomycetes",22,"nabanhe"
"207","CS124","Taphrinomycetes",0,"nabanhe"
"208","CS124","Ustilaginomycetes",0,"nabanhe"
"209","CS125","Agaricomycetes",0,"nabanhe"
"210","CS125","Dothideomycetes",10,"nabanhe"
"211","CS125","Eurotiomycetes",0,"nabanhe"
"212","CS125","Exobasidiomycetes",0,"nabanhe"
"213","CS125","Leotiomycetes",0,"nabanhe"
"214","CS125","Sordariomycetes",19,"nabanhe"
"215","CS125","Taphrinomycetes",0,"nabanhe"
"216","CS125","Ustilaginomycetes",0,"nabanhe"
"217","CS126","Agaricomycetes",0,"nabanhe"
"218","CS126","Dothideomycetes",7,"nabanhe"
"219","CS126","Eurotiomycetes",1,"nabanhe"
"220","CS126","Exobasidiomycetes",0,"nabanhe"
"221","CS126","Leotiomycetes",0,"nabanhe"
"222","CS126","Sordariomycetes",16,"nabanhe"
"223","CS126","Taphrinomycetes",0,"nabanhe"
"224","CS126","Ustilaginomycetes",0,"nabanhe"
"225","CS127","Agaricomycetes",0,"nabanhe"
"226","CS127","Dothideomycetes",7,"nabanhe"
"227","CS127","Eurotiomycetes",0,"nabanhe"
"228","CS127","Exobasidiomycetes",0,"nabanhe"
"229","CS127","Leotiomycetes",0,"nabanhe"
"230","CS127","Sordariomycetes",20,"nabanhe"
"231","CS127","Taphrinomycetes",0,"nabanhe"
"232","CS127","Ustilaginomycetes",0,"nabanhe"
"233","CS128","Agaricomycetes",0,"nabanhe"
"234","CS128","Dothideomycetes",13,"nabanhe"
"235","CS128","Eurotiomycetes",0,"nabanhe"
"236","CS128","Exobasidiomycetes",0,"nabanhe"
"237","CS128","Leotiomycetes",0,"nabanhe"
"238","CS128","Sordariomycetes",33,"nabanhe"
"239","CS128","Taphrinomycetes",0,"nabanhe"
"240","CS128","Ustilaginomycetes",0,"nabanhe"
"241","CS129","Agaricomycetes",0,"nabanhe"
"242","CS129","Dothideomycetes",14,"nabanhe"
"243","CS129","Eurotiomycetes",0,"nabanhe"
"244","CS129","Exobasidiomycetes",0,"nabanhe"
"245","CS129","Leotiomycetes",0,"nabanhe"
"246","CS129","Sordariomycetes",31,"nabanhe"
"247","CS129","Taphrinomycetes",0,"nabanhe"
"248","CS129","Ustilaginomycetes",0,"nabanhe"
"249","CS13","Agaricomycetes",0,"donglingshan"
"250","CS13","Dothideomycetes",9,"donglingshan"
"251","CS13","Eurotiomycetes",0,"donglingshan"
"252","CS13","Exobasidiomycetes",0,"donglingshan"
"253","CS13","Leotiomycetes",0,"donglingshan"
"254","CS13","Sordariomycetes",1,"donglingshan"
"255","CS13","Taphrinomycetes",0,"donglingshan"
"256","CS13","Ustilaginomycetes",0,"donglingshan"
"257","CS130","Agaricomycetes",0,"nabanhe"
"258","CS130","Dothideomycetes",10,"nabanhe"
"259","CS130","Eurotiomycetes",0,"nabanhe"
"260","CS130","Exobasidiomycetes",0,"nabanhe"
"261","CS130","Leotiomycetes",0,"nabanhe"
"262","CS130","Sordariomycetes",36,"nabanhe"
"263","CS130","Taphrinomycetes",0,"nabanhe"
"264","CS130","Ustilaginomycetes",0,"nabanhe"
"265","CS131","Agaricomycetes",0,"nabanhe"
"266","CS131","Dothideomycetes",7,"nabanhe"
"267","CS131","Eurotiomycetes",0,"nabanhe"
"268","CS131","Exobasidiomycetes",0,"nabanhe"
"269","CS131","Leotiomycetes",0,"nabanhe"
"270","CS131","Sordariomycetes",20,"nabanhe"
"271","CS131","Taphrinomycetes",0,"nabanhe"
"272","CS131","Ustilaginomycetes",0,"nabanhe"
"273","CS132","Agaricomycetes",0,"nabanhe"
"274","CS132","Dothideomycetes",20,"nabanhe"
"275","CS132","Eurotiomycetes",5,"nabanhe"
"276","CS132","Exobasidiomycetes",0,"nabanhe"
"277","CS132","Leotiomycetes",1,"nabanhe"
"278","CS132","Sordariomycetes",34,"nabanhe"
"279","CS132","Taphrinomycetes",0,"nabanhe"
"280","CS132","Ustilaginomycetes",0,"nabanhe"
"281","CS133","Agaricomycetes",0,"nabanhe"
"282","CS133","Dothideomycetes",19,"nabanhe"
"283","CS133","Eurotiomycetes",3,"nabanhe"
"284","CS133","Exobasidiomycetes",0,"nabanhe"
"285","CS133","Leotiomycetes",0,"nabanhe"
"286","CS133","Sordariomycetes",21,"nabanhe"
"287","CS133","Taphrinomycetes",0,"nabanhe"
"288","CS133","Ustilaginomycetes",0,"nabanhe"
"289","CS134","Agaricomycetes",0,"nabanhe"
"290","CS134","Dothideomycetes",20,"nabanhe"
"291","CS134","Eurotiomycetes",1,"nabanhe"
"292","CS134","Exobasidiomycetes",0,"nabanhe"
"293","CS134","Leotiomycetes",0,"nabanhe"
"294","CS134","Sordariomycetes",20,"nabanhe"
"295","CS134","Taphrinomycetes",0,"nabanhe"
"296","CS134","Ustilaginomycetes",0,"nabanhe"
"297","CS135","Agaricomycetes",0,"nabanhe"
"298","CS135","Dothideomycetes",6,"nabanhe"
"299","CS135","Eurotiomycetes",2,"nabanhe"
"300","CS135","Exobasidiomycetes",0,"nabanhe"
"301","CS135","Leotiomycetes",0,"nabanhe"
"302","CS135","Sordariomycetes",7,"nabanhe"
"303","CS135","Taphrinomycetes",0,"nabanhe"
"304","CS135","Ustilaginomycetes",0,"nabanhe"
"305","CS136","Agaricomycetes",1,"nabanhe"
"306","CS136","Dothideomycetes",22,"nabanhe"
"307","CS136","Eurotiomycetes",0,"nabanhe"
"308","CS136","Exobasidiomycetes",0,"nabanhe"
"309","CS136","Leotiomycetes",0,"nabanhe"
"310","CS136","Sordariomycetes",38,"nabanhe"
"311","CS136","Taphrinomycetes",0,"nabanhe"
"312","CS136","Ustilaginomycetes",0,"nabanhe"
"313","CS137","Agaricomycetes",1,"nabanhe"
"314","CS137","Dothideomycetes",19,"nabanhe"
"315","CS137","Eurotiomycetes",2,"nabanhe"
"316","CS137","Exobasidiomycetes",0,"nabanhe"
"317","CS137","Leotiomycetes",0,"nabanhe"
"318","CS137","Sordariomycetes",28,"nabanhe"
"319","CS137","Taphrinomycetes",0,"nabanhe"
"320","CS137","Ustilaginomycetes",0,"nabanhe"
"321","CS138","Agaricomycetes",0,"nabanhe"
"322","CS138","Dothideomycetes",6,"nabanhe"
"323","CS138","Eurotiomycetes",1,"nabanhe"
"324","CS138","Exobasidiomycetes",0,"nabanhe"
"325","CS138","Leotiomycetes",0,"nabanhe"
"326","CS138","Sordariomycetes",24,"nabanhe"
"327","CS138","Taphrinomycetes",0,"nabanhe"
"328","CS138","Ustilaginomycetes",0,"nabanhe"
"329","CS139","Agaricomycetes",0,"nabanhe"
"330","CS139","Dothideomycetes",16,"nabanhe"
"331","CS139","Eurotiomycetes",2,"nabanhe"
"332","CS139","Exobasidiomycetes",0,"nabanhe"
"333","CS139","Leotiomycetes",0,"nabanhe"
"334","CS139","Sordariomycetes",33,"nabanhe"
"335","CS139","Taphrinomycetes",0,"nabanhe"
"336","CS139","Ustilaginomycetes",0,"nabanhe"
"337","CS14","Agaricomycetes",0,"donglingshan"
"338","CS14","Dothideomycetes",12,"donglingshan"
"339","CS14","Eurotiomycetes",0,"donglingshan"
"340","CS14","Exobasidiomycetes",0,"donglingshan"
"341","CS14","Leotiomycetes",0,"donglingshan"
"342","CS14","Sordariomycetes",1,"donglingshan"
"343","CS14","Taphrinomycetes",0,"donglingshan"
"344","CS14","Ustilaginomycetes",0,"donglingshan"
"345","CS140","Agaricomycetes",0,"nabanhe"
"346","CS140","Dothideomycetes",10,"nabanhe"
"347","CS140","Eurotiomycetes",0,"nabanhe"
"348","CS140","Exobasidiomycetes",0,"nabanhe"
"349","CS140","Leotiomycetes",0,"nabanhe"
"350","CS140","Sordariomycetes",32,"nabanhe"
"351","CS140","Taphrinomycetes",0,"nabanhe"
"352","CS140","Ustilaginomycetes",0,"nabanhe"
"353","CS141","Agaricomycetes",0,"nabanhe"
"354","CS141","Dothideomycetes",8,"nabanhe"
"355","CS141","Eurotiomycetes",0,"nabanhe"
"356","CS141","Exobasidiomycetes",0,"nabanhe"
"357","CS141","Leotiomycetes",0,"nabanhe"
"358","CS141","Sordariomycetes",26,"nabanhe"
"359","CS141","Taphrinomycetes",0,"nabanhe"
"360","CS141","Ustilaginomycetes",0,"nabanhe"
"361","CS142","Agaricomycetes",0,"nabanhe"
"362","CS142","Dothideomycetes",2,"nabanhe"
"363","CS142","Eurotiomycetes",0,"nabanhe"
"364","CS142","Exobasidiomycetes",0,"nabanhe"
"365","CS142","Leotiomycetes",0,"nabanhe"
"366","CS142","Sordariomycetes",7,"nabanhe"
"367","CS142","Taphrinomycetes",0,"nabanhe"
"368","CS142","Ustilaginomycetes",0,"nabanhe"
"369","CS143","Agaricomycetes",0,"nabanhe"
"370","CS143","Dothideomycetes",2,"nabanhe"
"371","CS143","Eurotiomycetes",0,"nabanhe"
"372","CS143","Exobasidiomycetes",0,"nabanhe"
"373","CS143","Leotiomycetes",1,"nabanhe"
"374","CS143","Sordariomycetes",5,"nabanhe"
"375","CS143","Taphrinomycetes",0,"nabanhe"
"376","CS143","Ustilaginomycetes",0,"nabanhe"
"377","CS144","Agaricomycetes",0,"nabanhe"
"378","CS144","Dothideomycetes",8,"nabanhe"
"379","CS144","Eurotiomycetes",0,"nabanhe"
"380","CS144","Exobasidiomycetes",0,"nabanhe"
"381","CS144","Leotiomycetes",0,"nabanhe"
"382","CS144","Sordariomycetes",9,"nabanhe"
"383","CS144","Taphrinomycetes",0,"nabanhe"
"384","CS144","Ustilaginomycetes",0,"nabanhe"
"385","CS145","Agaricomycetes",0,"nabanhe"
"386","CS145","Dothideomycetes",3,"nabanhe"
"387","CS145","Eurotiomycetes",0,"nabanhe"
"388","CS145","Exobasidiomycetes",0,"nabanhe"
"389","CS145","Leotiomycetes",1,"nabanhe"
"390","CS145","Sordariomycetes",5,"nabanhe"
"391","CS145","Taphrinomycetes",0,"nabanhe"
"392","CS145","Ustilaginomycetes",1,"nabanhe"
"393","CS146","Agaricomycetes",0,"nabanhe"
"394","CS146","Dothideomycetes",4,"nabanhe"
"395","CS146","Eurotiomycetes",1,"nabanhe"
"396","CS146","Exobasidiomycetes",0,"nabanhe"
"397","CS146","Leotiomycetes",0,"nabanhe"
"398","CS146","Sordariomycetes",16,"nabanhe"
"399","CS146","Taphrinomycetes",0,"nabanhe"
"400","CS146","Ustilaginomycetes",0,"nabanhe"
"401","CS147","Agaricomycetes",0,"nabanhe"
"402","CS147","Dothideomycetes",3,"nabanhe"
"403","CS147","Eurotiomycetes",2,"nabanhe"
"404","CS147","Exobasidiomycetes",0,"nabanhe"
"405","CS147","Leotiomycetes",0,"nabanhe"
"406","CS147","Sordariomycetes",22,"nabanhe"
"407","CS147","Taphrinomycetes",0,"nabanhe"
"408","CS147","Ustilaginomycetes",0,"nabanhe"
"409","CS148","Agaricomycetes",0,"nabanhe"
"410","CS148","Dothideomycetes",6,"nabanhe"
"411","CS148","Eurotiomycetes",0,"nabanhe"
"412","CS148","Exobasidiomycetes",0,"nabanhe"
"413","CS148","Leotiomycetes",0,"nabanhe"
"414","CS148","Sordariomycetes",17,"nabanhe"
"415","CS148","Taphrinomycetes",0,"nabanhe"
"416","CS148","Ustilaginomycetes",0,"nabanhe"
"417","CS149","Agaricomycetes",1,"nabanhe"
"418","CS149","Dothideomycetes",7,"nabanhe"
"419","CS149","Eurotiomycetes",4,"nabanhe"
"420","CS149","Exobasidiomycetes",0,"nabanhe"
"421","CS149","Leotiomycetes",0,"nabanhe"
"422","CS149","Sordariomycetes",20,"nabanhe"
"423","CS149","Taphrinomycetes",0,"nabanhe"
"424","CS149","Ustilaginomycetes",0,"nabanhe"
"425","CS15","Agaricomycetes",0,"donglingshan"
"426","CS15","Dothideomycetes",5,"donglingshan"
"427","CS15","Eurotiomycetes",0,"donglingshan"
"428","CS15","Exobasidiomycetes",0,"donglingshan"
"429","CS15","Leotiomycetes",1,"donglingshan"
"430","CS15","Sordariomycetes",3,"donglingshan"
"431","CS15","Taphrinomycetes",1,"donglingshan"
"432","CS15","Ustilaginomycetes",0,"donglingshan"
"433","CS150","Agaricomycetes",0,"nabanhe"
"434","CS150","Dothideomycetes",10,"nabanhe"
"435","CS150","Eurotiomycetes",1,"nabanhe"
"436","CS150","Exobasidiomycetes",0,"nabanhe"
"437","CS150","Leotiomycetes",0,"nabanhe"
"438","CS150","Sordariomycetes",37,"nabanhe"
"439","CS150","Taphrinomycetes",0,"nabanhe"
"440","CS150","Ustilaginomycetes",0,"nabanhe"
"441","CS151","Agaricomycetes",0,"nabanhe"
"442","CS151","Dothideomycetes",1,"nabanhe"
"443","CS151","Eurotiomycetes",0,"nabanhe"
"444","CS151","Exobasidiomycetes",0,"nabanhe"
"445","CS151","Leotiomycetes",0,"nabanhe"
"446","CS151","Sordariomycetes",11,"nabanhe"
"447","CS151","Taphrinomycetes",0,"nabanhe"
"448","CS151","Ustilaginomycetes",0,"nabanhe"
"449","CS152","Agaricomycetes",0,"nabanhe"
"450","CS152","Dothideomycetes",18,"nabanhe"
"451","CS152","Eurotiomycetes",5,"nabanhe"
"452","CS152","Exobasidiomycetes",0,"nabanhe"
"453","CS152","Leotiomycetes",0,"nabanhe"
"454","CS152","Sordariomycetes",43,"nabanhe"
"455","CS152","Taphrinomycetes",0,"nabanhe"
"456","CS152","Ustilaginomycetes",0,"nabanhe"
"457","CS153","Agaricomycetes",1,"nabanhe"
"458","CS153","Dothideomycetes",11,"nabanhe"
"459","CS153","Eurotiomycetes",0,"nabanhe"
"460","CS153","Exobasidiomycetes",0,"nabanhe"
"461","CS153","Leotiomycetes",0,"nabanhe"
"462","CS153","Sordariomycetes",46,"nabanhe"
"463","CS153","Taphrinomycetes",0,"nabanhe"
"464","CS153","Ustilaginomycetes",0,"nabanhe"
"465","CS154","Agaricomycetes",1,"nabanhe"
"466","CS154","Dothideomycetes",5,"nabanhe"
"467","CS154","Eurotiomycetes",4,"nabanhe"
"468","CS154","Exobasidiomycetes",0,"nabanhe"
"469","CS154","Leotiomycetes",0,"nabanhe"
"470","CS154","Sordariomycetes",24,"nabanhe"
"471","CS154","Taphrinomycetes",0,"nabanhe"
"472","CS154","Ustilaginomycetes",0,"nabanhe"
"473","CS155","Agaricomycetes",0,"nabanhe"
"474","CS155","Dothideomycetes",15,"nabanhe"
"475","CS155","Eurotiomycetes",2,"nabanhe"
"476","CS155","Exobasidiomycetes",0,"nabanhe"
"477","CS155","Leotiomycetes",0,"nabanhe"
"478","CS155","Sordariomycetes",27,"nabanhe"
"479","CS155","Taphrinomycetes",0,"nabanhe"
"480","CS155","Ustilaginomycetes",0,"nabanhe"
"481","CS156","Agaricomycetes",1,"nabanhe"
"482","CS156","Dothideomycetes",7,"nabanhe"
"483","CS156","Eurotiomycetes",0,"nabanhe"
"484","CS156","Exobasidiomycetes",0,"nabanhe"
"485","CS156","Leotiomycetes",0,"nabanhe"
"486","CS156","Sordariomycetes",14,"nabanhe"
"487","CS156","Taphrinomycetes",0,"nabanhe"
"488","CS156","Ustilaginomycetes",0,"nabanhe"
"489","CS157","Agaricomycetes",1,"nabanhe"
"490","CS157","Dothideomycetes",33,"nabanhe"
"491","CS157","Eurotiomycetes",4,"nabanhe"
"492","CS157","Exobasidiomycetes",0,"nabanhe"
"493","CS157","Leotiomycetes",0,"nabanhe"
"494","CS157","Sordariomycetes",64,"nabanhe"
"495","CS157","Taphrinomycetes",0,"nabanhe"
"496","CS157","Ustilaginomycetes",0,"nabanhe"
"497","CS158","Agaricomycetes",0,"nabanhe"
"498","CS158","Dothideomycetes",20,"nabanhe"
"499","CS158","Eurotiomycetes",0,"nabanhe"
"500","CS158","Exobasidiomycetes",0,"nabanhe"
"501","CS158","Leotiomycetes",0,"nabanhe"
"502","CS158","Sordariomycetes",57,"nabanhe"
"503","CS158","Taphrinomycetes",0,"nabanhe"
"504","CS158","Ustilaginomycetes",0,"nabanhe"
"505","CS159","Agaricomycetes",1,"nabanhe"
"506","CS159","Dothideomycetes",20,"nabanhe"
"507","CS159","Eurotiomycetes",1,"nabanhe"
"508","CS159","Exobasidiomycetes",0,"nabanhe"
"509","CS159","Leotiomycetes",0,"nabanhe"
"510","CS159","Sordariomycetes",56,"nabanhe"
"511","CS159","Taphrinomycetes",0,"nabanhe"
"512","CS159","Ustilaginomycetes",0,"nabanhe"
"513","CS16","Agaricomycetes",0,"donglingshan"
"514","CS16","Dothideomycetes",8,"donglingshan"
"515","CS16","Eurotiomycetes",0,"donglingshan"
"516","CS16","Exobasidiomycetes",0,"donglingshan"
"517","CS16","Leotiomycetes",1,"donglingshan"
"518","CS16","Sordariomycetes",4,"donglingshan"
"519","CS16","Taphrinomycetes",0,"donglingshan"
"520","CS16","Ustilaginomycetes",0,"donglingshan"
"521","CS160","Agaricomycetes",0,"nabanhe"
"522","CS160","Dothideomycetes",5,"nabanhe"
"523","CS160","Eurotiomycetes",0,"nabanhe"
"524","CS160","Exobasidiomycetes",0,"nabanhe"
"525","CS160","Leotiomycetes",0,"nabanhe"
"526","CS160","Sordariomycetes",24,"nabanhe"
"527","CS160","Taphrinomycetes",0,"nabanhe"
"528","CS160","Ustilaginomycetes",0,"nabanhe"
"529","CS163","Agaricomycetes",1,"nabanhe"
"530","CS163","Dothideomycetes",5,"nabanhe"
"531","CS163","Eurotiomycetes",0,"nabanhe"
"532","CS163","Exobasidiomycetes",0,"nabanhe"
"533","CS163","Leotiomycetes",0,"nabanhe"
"534","CS163","Sordariomycetes",19,"nabanhe"
"535","CS163","Taphrinomycetes",0,"nabanhe"
"536","CS163","Ustilaginomycetes",0,"nabanhe"
"537","CS164","Agaricomycetes",0,"nabanhe"
"538","CS164","Dothideomycetes",6,"nabanhe"
"539","CS164","Eurotiomycetes",1,"nabanhe"
"540","CS164","Exobasidiomycetes",0,"nabanhe"
"541","CS164","Leotiomycetes",0,"nabanhe"
"542","CS164","Sordariomycetes",30,"nabanhe"
"543","CS164","Taphrinomycetes",0,"nabanhe"
"544","CS164","Ustilaginomycetes",0,"nabanhe"
"545","CS166","Agaricomycetes",2,"nabanhe"
"546","CS166","Dothideomycetes",19,"nabanhe"
"547","CS166","Eurotiomycetes",1,"nabanhe"
"548","CS166","Exobasidiomycetes",0,"nabanhe"
"549","CS166","Leotiomycetes",0,"nabanhe"
"550","CS166","Sordariomycetes",26,"nabanhe"
"551","CS166","Taphrinomycetes",0,"nabanhe"
"552","CS166","Ustilaginomycetes",0,"nabanhe"
"553","CS167","Agaricomycetes",0,"tiantongshan"
"554","CS167","Dothideomycetes",18,"tiantongshan"
"555","CS167","Eurotiomycetes",0,"tiantongshan"
"556","CS167","Exobasidiomycetes",2,"tiantongshan"
"557","CS167","Leotiomycetes",0,"tiantongshan"
"558","CS167","Sordariomycetes",16,"tiantongshan"
"559","CS167","Taphrinomycetes",2,"tiantongshan"
"560","CS167","Ustilaginomycetes",1,"tiantongshan"
"561","CS168","Agaricomycetes",0,"tiantongshan"
"562","CS168","Dothideomycetes",14,"tiantongshan"
"563","CS168","Eurotiomycetes",0,"tiantongshan"
"564","CS168","Exobasidiomycetes",0,"tiantongshan"
"565","CS168","Leotiomycetes",0,"tiantongshan"
"566","CS168","Sordariomycetes",30,"tiantongshan"
"567","CS168","Taphrinomycetes",2,"tiantongshan"
"568","CS168","Ustilaginomycetes",1,"tiantongshan"
"569","CS169","Agaricomycetes",0,"tiantongshan"
"570","CS169","Dothideomycetes",12,"tiantongshan"
"571","CS169","Eurotiomycetes",0,"tiantongshan"
"572","CS169","Exobasidiomycetes",0,"tiantongshan"
"573","CS169","Leotiomycetes",0,"tiantongshan"
"574","CS169","Sordariomycetes",31,"tiantongshan"
"575","CS169","Taphrinomycetes",1,"tiantongshan"
"576","CS169","Ustilaginomycetes",0,"tiantongshan"
"577","CS17","Agaricomycetes",0,"donglingshan"
"578","CS17","Dothideomycetes",5,"donglingshan"
"579","CS17","Eurotiomycetes",0,"donglingshan"
"580","CS17","Exobasidiomycetes",0,"donglingshan"
"581","CS17","Leotiomycetes",0,"donglingshan"
"582","CS17","Sordariomycetes",4,"donglingshan"
"583","CS17","Taphrinomycetes",2,"donglingshan"
"584","CS17","Ustilaginomycetes",0,"donglingshan"
"585","CS170","Agaricomycetes",0,"tiantongshan"
"586","CS170","Dothideomycetes",15,"tiantongshan"
"587","CS170","Eurotiomycetes",0,"tiantongshan"
"588","CS170","Exobasidiomycetes",0,"tiantongshan"
"589","CS170","Leotiomycetes",1,"tiantongshan"
"590","CS170","Sordariomycetes",33,"tiantongshan"
"591","CS170","Taphrinomycetes",3,"tiantongshan"
"592","CS170","Ustilaginomycetes",0,"tiantongshan"
"593","CS171","Agaricomycetes",1,"changbaishan"
"594","CS171","Dothideomycetes",5,"changbaishan"
"595","CS171","Eurotiomycetes",0,"changbaishan"
"596","CS171","Exobasidiomycetes",0,"changbaishan"
"597","CS171","Leotiomycetes",0,"changbaishan"
"598","CS171","Sordariomycetes",4,"changbaishan"
"599","CS171","Taphrinomycetes",5,"changbaishan"
"600","CS171","Ustilaginomycetes",0,"changbaishan"
"601","CS172","Agaricomycetes",0,"changbaishan"
"602","CS172","Dothideomycetes",10,"changbaishan"
"603","CS172","Eurotiomycetes",0,"changbaishan"
"604","CS172","Exobasidiomycetes",0,"changbaishan"
"605","CS172","Leotiomycetes",0,"changbaishan"
"606","CS172","Sordariomycetes",3,"changbaishan"
"607","CS172","Taphrinomycetes",6,"changbaishan"
"608","CS172","Ustilaginomycetes",0,"changbaishan"
"609","CS173","Agaricomycetes",0,"changbaishan"
"610","CS173","Dothideomycetes",4,"changbaishan"
"611","CS173","Eurotiomycetes",0,"changbaishan"
"612","CS173","Exobasidiomycetes",0,"changbaishan"
"613","CS173","Leotiomycetes",0,"changbaishan"
"614","CS173","Sordariomycetes",5,"changbaishan"
"615","CS173","Taphrinomycetes",5,"changbaishan"
"616","CS173","Ustilaginomycetes",0,"changbaishan"
"617","CS174","Agaricomycetes",2,"changbaishan"
"618","CS174","Dothideomycetes",10,"changbaishan"
"619","CS174","Eurotiomycetes",0,"changbaishan"
"620","CS174","Exobasidiomycetes",0,"changbaishan"
"621","CS174","Leotiomycetes",0,"changbaishan"
"622","CS174","Sordariomycetes",3,"changbaishan"
"623","CS174","Taphrinomycetes",9,"changbaishan"
"624","CS174","Ustilaginomycetes",0,"changbaishan"
"625","CS175","Agaricomycetes",0,"changbaishan"
"626","CS175","Dothideomycetes",5,"changbaishan"
"627","CS175","Eurotiomycetes",0,"changbaishan"
"628","CS175","Exobasidiomycetes",0,"changbaishan"
"629","CS175","Leotiomycetes",0,"changbaishan"
"630","CS175","Sordariomycetes",3,"changbaishan"
"631","CS175","Taphrinomycetes",6,"changbaishan"
"632","CS175","Ustilaginomycetes",0,"changbaishan"
"633","CS176","Agaricomycetes",0,"changbaishan"
"634","CS176","Dothideomycetes",2,"changbaishan"
"635","CS176","Eurotiomycetes",0,"changbaishan"
"636","CS176","Exobasidiomycetes",0,"changbaishan"
"637","CS176","Leotiomycetes",0,"changbaishan"
"638","CS176","Sordariomycetes",1,"changbaishan"
"639","CS176","Taphrinomycetes",2,"changbaishan"
"640","CS176","Ustilaginomycetes",0,"changbaishan"
"641","CS177","Agaricomycetes",1,"changbaishan"
"642","CS177","Dothideomycetes",6,"changbaishan"
"643","CS177","Eurotiomycetes",0,"changbaishan"
"644","CS177","Exobasidiomycetes",0,"changbaishan"
"645","CS177","Leotiomycetes",0,"changbaishan"
"646","CS177","Sordariomycetes",8,"changbaishan"
"647","CS177","Taphrinomycetes",4,"changbaishan"
"648","CS177","Ustilaginomycetes",0,"changbaishan"
"649","CS178","Agaricomycetes",0,"changbaishan"
"650","CS178","Dothideomycetes",5,"changbaishan"
"651","CS178","Eurotiomycetes",0,"changbaishan"
"652","CS178","Exobasidiomycetes",0,"changbaishan"
"653","CS178","Leotiomycetes",0,"changbaishan"
"654","CS178","Sordariomycetes",3,"changbaishan"
"655","CS178","Taphrinomycetes",3,"changbaishan"
"656","CS178","Ustilaginomycetes",0,"changbaishan"
"657","CS179","Agaricomycetes",1,"changbaishan"
"658","CS179","Dothideomycetes",7,"changbaishan"
"659","CS179","Eurotiomycetes",0,"changbaishan"
"660","CS179","Exobasidiomycetes",0,"changbaishan"
"661","CS179","Leotiomycetes",0,"changbaishan"
"662","CS179","Sordariomycetes",4,"changbaishan"
"663","CS179","Taphrinomycetes",13,"changbaishan"
"664","CS179","Ustilaginomycetes",0,"changbaishan"
"665","CS18","Agaricomycetes",0,"donglingshan"
"666","CS18","Dothideomycetes",2,"donglingshan"
"667","CS18","Eurotiomycetes",0,"donglingshan"
"668","CS18","Exobasidiomycetes",0,"donglingshan"
"669","CS18","Leotiomycetes",0,"donglingshan"
"670","CS18","Sordariomycetes",3,"donglingshan"
"671","CS18","Taphrinomycetes",1,"donglingshan"
"672","CS18","Ustilaginomycetes",0,"donglingshan"
"673","CS180","Agaricomycetes",1,"changbaishan"
"674","CS180","Dothideomycetes",8,"changbaishan"
"675","CS180","Eurotiomycetes",0,"changbaishan"
"676","CS180","Exobasidiomycetes",0,"changbaishan"
"677","CS180","Leotiomycetes",1,"changbaishan"
"678","CS180","Sordariomycetes",7,"changbaishan"
"679","CS180","Taphrinomycetes",9,"changbaishan"
"680","CS180","Ustilaginomycetes",0,"changbaishan"
"681","CS181","Agaricomycetes",0,"changbaishan"
"682","CS181","Dothideomycetes",8,"changbaishan"
"683","CS181","Eurotiomycetes",0,"changbaishan"
"684","CS181","Exobasidiomycetes",0,"changbaishan"
"685","CS181","Leotiomycetes",0,"changbaishan"
"686","CS181","Sordariomycetes",2,"changbaishan"
"687","CS181","Taphrinomycetes",12,"changbaishan"
"688","CS181","Ustilaginomycetes",0,"changbaishan"
"689","CS182","Agaricomycetes",1,"changbaishan"
"690","CS182","Dothideomycetes",5,"changbaishan"
"691","CS182","Eurotiomycetes",0,"changbaishan"
"692","CS182","Exobasidiomycetes",0,"changbaishan"
"693","CS182","Leotiomycetes",0,"changbaishan"
"694","CS182","Sordariomycetes",5,"changbaishan"
"695","CS182","Taphrinomycetes",8,"changbaishan"
"696","CS182","Ustilaginomycetes",0,"changbaishan"
"697","CS183","Agaricomycetes",0,"changbaishan"
"698","CS183","Dothideomycetes",9,"changbaishan"
"699","CS183","Eurotiomycetes",0,"changbaishan"
"700","CS183","Exobasidiomycetes",0,"changbaishan"
"701","CS183","Leotiomycetes",1,"changbaishan"
"702","CS183","Sordariomycetes",3,"changbaishan"
"703","CS183","Taphrinomycetes",2,"changbaishan"
"704","CS183","Ustilaginomycetes",0,"changbaishan"
"705","CS184","Agaricomycetes",0,"changbaishan"
"706","CS184","Dothideomycetes",5,"changbaishan"
"707","CS184","Eurotiomycetes",0,"changbaishan"
"708","CS184","Exobasidiomycetes",0,"changbaishan"
"709","CS184","Leotiomycetes",0,"changbaishan"
"710","CS184","Sordariomycetes",6,"changbaishan"
"711","CS184","Taphrinomycetes",4,"changbaishan"
"712","CS184","Ustilaginomycetes",0,"changbaishan"
"713","CS185","Agaricomycetes",0,"changbaishan"
"714","CS185","Dothideomycetes",2,"changbaishan"
"715","CS185","Eurotiomycetes",0,"changbaishan"
"716","CS185","Exobasidiomycetes",0,"changbaishan"
"717","CS185","Leotiomycetes",0,"changbaishan"
"718","CS185","Sordariomycetes",4,"changbaishan"
"719","CS185","Taphrinomycetes",3,"changbaishan"
"720","CS185","Ustilaginomycetes",0,"changbaishan"
"721","CS186","Agaricomycetes",0,"changbaishan"
"722","CS186","Dothideomycetes",5,"changbaishan"
"723","CS186","Eurotiomycetes",0,"changbaishan"
"724","CS186","Exobasidiomycetes",0,"changbaishan"
"725","CS186","Leotiomycetes",0,"changbaishan"
"726","CS186","Sordariomycetes",2,"changbaishan"
"727","CS186","Taphrinomycetes",5,"changbaishan"
"728","CS186","Ustilaginomycetes",0,"changbaishan"
"729","CS187","Agaricomycetes",0,"changbaishan"
"730","CS187","Dothideomycetes",1,"changbaishan"
"731","CS187","Eurotiomycetes",0,"changbaishan"
"732","CS187","Exobasidiomycetes",0,"changbaishan"
"733","CS187","Leotiomycetes",0,"changbaishan"
"734","CS187","Sordariomycetes",3,"changbaishan"
"735","CS187","Taphrinomycetes",2,"changbaishan"
"736","CS187","Ustilaginomycetes",0,"changbaishan"
"737","CS188","Agaricomycetes",2,"changbaishan"
"738","CS188","Dothideomycetes",8,"changbaishan"
"739","CS188","Eurotiomycetes",0,"changbaishan"
"740","CS188","Exobasidiomycetes",1,"changbaishan"
"741","CS188","Leotiomycetes",0,"changbaishan"
"742","CS188","Sordariomycetes",1,"changbaishan"
"743","CS188","Taphrinomycetes",11,"changbaishan"
"744","CS188","Ustilaginomycetes",0,"changbaishan"
"745","CS189","Agaricomycetes",0,"changbaishan"
"746","CS189","Dothideomycetes",9,"changbaishan"
"747","CS189","Eurotiomycetes",0,"changbaishan"
"748","CS189","Exobasidiomycetes",0,"changbaishan"
"749","CS189","Leotiomycetes",1,"changbaishan"
"750","CS189","Sordariomycetes",3,"changbaishan"
"751","CS189","Taphrinomycetes",4,"changbaishan"
"752","CS189","Ustilaginomycetes",0,"changbaishan"
"753","CS19","Agaricomycetes",0,"donglingshan"
"754","CS19","Dothideomycetes",7,"donglingshan"
"755","CS19","Eurotiomycetes",0,"donglingshan"
"756","CS19","Exobasidiomycetes",0,"donglingshan"
"757","CS19","Leotiomycetes",2,"donglingshan"
"758","CS19","Sordariomycetes",4,"donglingshan"
"759","CS19","Taphrinomycetes",1,"donglingshan"
"760","CS19","Ustilaginomycetes",0,"donglingshan"
"761","CS190","Agaricomycetes",0,"changbaishan"
"762","CS190","Dothideomycetes",7,"changbaishan"
"763","CS190","Eurotiomycetes",0,"changbaishan"
"764","CS190","Exobasidiomycetes",0,"changbaishan"
"765","CS190","Leotiomycetes",1,"changbaishan"
"766","CS190","Sordariomycetes",0,"changbaishan"
"767","CS190","Taphrinomycetes",4,"changbaishan"
"768","CS190","Ustilaginomycetes",1,"changbaishan"
"769","CS191","Agaricomycetes",1,"changbaishan"
"770","CS191","Dothideomycetes",9,"changbaishan"
"771","CS191","Eurotiomycetes",0,"changbaishan"
"772","CS191","Exobasidiomycetes",0,"changbaishan"
"773","CS191","Leotiomycetes",0,"changbaishan"
"774","CS191","Sordariomycetes",2,"changbaishan"
"775","CS191","Taphrinomycetes",7,"changbaishan"
"776","CS191","Ustilaginomycetes",0,"changbaishan"
"777","CS192","Agaricomycetes",1,"changbaishan"
"778","CS192","Dothideomycetes",6,"changbaishan"
"779","CS192","Eurotiomycetes",0,"changbaishan"
"780","CS192","Exobasidiomycetes",0,"changbaishan"
"781","CS192","Leotiomycetes",0,"changbaishan"
"782","CS192","Sordariomycetes",5,"changbaishan"
"783","CS192","Taphrinomycetes",5,"changbaishan"
"784","CS192","Ustilaginomycetes",0,"changbaishan"
"785","CS193","Agaricomycetes",1,"changbaishan"
"786","CS193","Dothideomycetes",9,"changbaishan"
"787","CS193","Eurotiomycetes",0,"changbaishan"
"788","CS193","Exobasidiomycetes",0,"changbaishan"
"789","CS193","Leotiomycetes",1,"changbaishan"
"790","CS193","Sordariomycetes",5,"changbaishan"
"791","CS193","Taphrinomycetes",6,"changbaishan"
"792","CS193","Ustilaginomycetes",0,"changbaishan"
"793","CS194","Agaricomycetes",1,"changbaishan"
"794","CS194","Dothideomycetes",7,"changbaishan"
"795","CS194","Eurotiomycetes",0,"changbaishan"
"796","CS194","Exobasidiomycetes",0,"changbaishan"
"797","CS194","Leotiomycetes",0,"changbaishan"
"798","CS194","Sordariomycetes",4,"changbaishan"
"799","CS194","Taphrinomycetes",1,"changbaishan"
"800","CS194","Ustilaginomycetes",0,"changbaishan"
"801","CS195","Agaricomycetes",0,"changbaishan"
"802","CS195","Dothideomycetes",4,"changbaishan"
"803","CS195","Eurotiomycetes",0,"changbaishan"
"804","CS195","Exobasidiomycetes",0,"changbaishan"
"805","CS195","Leotiomycetes",0,"changbaishan"
"806","CS195","Sordariomycetes",5,"changbaishan"
"807","CS195","Taphrinomycetes",4,"changbaishan"
"808","CS195","Ustilaginomycetes",0,"changbaishan"
"809","CS196","Agaricomycetes",0,"changbaishan"
"810","CS196","Dothideomycetes",5,"changbaishan"
"811","CS196","Eurotiomycetes",0,"changbaishan"
"812","CS196","Exobasidiomycetes",0,"changbaishan"
"813","CS196","Leotiomycetes",0,"changbaishan"
"814","CS196","Sordariomycetes",3,"changbaishan"
"815","CS196","Taphrinomycetes",2,"changbaishan"
"816","CS196","Ustilaginomycetes",0,"changbaishan"
"817","CS197","Agaricomycetes",0,"changbaishan"
"818","CS197","Dothideomycetes",4,"changbaishan"
"819","CS197","Eurotiomycetes",0,"changbaishan"
"820","CS197","Exobasidiomycetes",0,"changbaishan"
"821","CS197","Leotiomycetes",0,"changbaishan"
"822","CS197","Sordariomycetes",6,"changbaishan"
"823","CS197","Taphrinomycetes",3,"changbaishan"
"824","CS197","Ustilaginomycetes",0,"changbaishan"
"825","CS198","Agaricomycetes",0,"changbaishan"
"826","CS198","Dothideomycetes",3,"changbaishan"
"827","CS198","Eurotiomycetes",0,"changbaishan"
"828","CS198","Exobasidiomycetes",0,"changbaishan"
"829","CS198","Leotiomycetes",0,"changbaishan"
"830","CS198","Sordariomycetes",1,"changbaishan"
"831","CS198","Taphrinomycetes",3,"changbaishan"
"832","CS198","Ustilaginomycetes",0,"changbaishan"
"833","CS199","Agaricomycetes",1,"changbaishan"
"834","CS199","Dothideomycetes",8,"changbaishan"
"835","CS199","Eurotiomycetes",0,"changbaishan"
"836","CS199","Exobasidiomycetes",0,"changbaishan"
"837","CS199","Leotiomycetes",1,"changbaishan"
"838","CS199","Sordariomycetes",6,"changbaishan"
"839","CS199","Taphrinomycetes",2,"changbaishan"
"840","CS199","Ustilaginomycetes",0,"changbaishan"
"841","CS2","Agaricomycetes",0,"donglingshan"
"842","CS2","Dothideomycetes",6,"donglingshan"
"843","CS2","Eurotiomycetes",0,"donglingshan"
"844","CS2","Exobasidiomycetes",0,"donglingshan"
"845","CS2","Leotiomycetes",0,"donglingshan"
"846","CS2","Sordariomycetes",5,"donglingshan"
"847","CS2","Taphrinomycetes",1,"donglingshan"
"848","CS2","Ustilaginomycetes",0,"donglingshan"
"849","CS20","Agaricomycetes",1,"donglingshan"
"850","CS20","Dothideomycetes",10,"donglingshan"
"851","CS20","Eurotiomycetes",0,"donglingshan"
"852","CS20","Exobasidiomycetes",0,"donglingshan"
"853","CS20","Leotiomycetes",0,"donglingshan"
"854","CS20","Sordariomycetes",4,"donglingshan"
"855","CS20","Taphrinomycetes",2,"donglingshan"
"856","CS20","Ustilaginomycetes",0,"donglingshan"
"857","CS200","Agaricomycetes",0,"changbaishan"
"858","CS200","Dothideomycetes",4,"changbaishan"
"859","CS200","Eurotiomycetes",0,"changbaishan"
"860","CS200","Exobasidiomycetes",0,"changbaishan"
"861","CS200","Leotiomycetes",0,"changbaishan"
"862","CS200","Sordariomycetes",5,"changbaishan"
"863","CS200","Taphrinomycetes",5,"changbaishan"
"864","CS200","Ustilaginomycetes",0,"changbaishan"
"865","CS201","Agaricomycetes",1,"changbaishan"
"866","CS201","Dothideomycetes",2,"changbaishan"
"867","CS201","Eurotiomycetes",0,"changbaishan"
"868","CS201","Exobasidiomycetes",0,"changbaishan"
"869","CS201","Leotiomycetes",0,"changbaishan"
"870","CS201","Sordariomycetes",3,"changbaishan"
"871","CS201","Taphrinomycetes",3,"changbaishan"
"872","CS201","Ustilaginomycetes",0,"changbaishan"
"873","CS202","Agaricomycetes",0,"changbaishan"
"874","CS202","Dothideomycetes",3,"changbaishan"
"875","CS202","Eurotiomycetes",0,"changbaishan"
"876","CS202","Exobasidiomycetes",0,"changbaishan"
"877","CS202","Leotiomycetes",0,"changbaishan"
"878","CS202","Sordariomycetes",3,"changbaishan"
"879","CS202","Taphrinomycetes",3,"changbaishan"
"880","CS202","Ustilaginomycetes",0,"changbaishan"
"881","CS203","Agaricomycetes",0,"changbaishan"
"882","CS203","Dothideomycetes",6,"changbaishan"
"883","CS203","Eurotiomycetes",0,"changbaishan"
"884","CS203","Exobasidiomycetes",0,"changbaishan"
"885","CS203","Leotiomycetes",1,"changbaishan"
"886","CS203","Sordariomycetes",1,"changbaishan"
"887","CS203","Taphrinomycetes",8,"changbaishan"
"888","CS203","Ustilaginomycetes",1,"changbaishan"
"889","CS204","Agaricomycetes",0,"changbaishan"
"890","CS204","Dothideomycetes",4,"changbaishan"
"891","CS204","Eurotiomycetes",0,"changbaishan"
"892","CS204","Exobasidiomycetes",0,"changbaishan"
"893","CS204","Leotiomycetes",1,"changbaishan"
"894","CS204","Sordariomycetes",3,"changbaishan"
"895","CS204","Taphrinomycetes",2,"changbaishan"
"896","CS204","Ustilaginomycetes",1,"changbaishan"
"897","CS205","Agaricomycetes",0,"changbaishan"
"898","CS205","Dothideomycetes",8,"changbaishan"
"899","CS205","Eurotiomycetes",0,"changbaishan"
"900","CS205","Exobasidiomycetes",0,"changbaishan"
"901","CS205","Leotiomycetes",1,"changbaishan"
"902","CS205","Sordariomycetes",3,"changbaishan"
"903","CS205","Taphrinomycetes",2,"changbaishan"
"904","CS205","Ustilaginomycetes",0,"changbaishan"
"905","CS206","Agaricomycetes",1,"changbaishan"
"906","CS206","Dothideomycetes",5,"changbaishan"
"907","CS206","Eurotiomycetes",0,"changbaishan"
"908","CS206","Exobasidiomycetes",0,"changbaishan"
"909","CS206","Leotiomycetes",0,"changbaishan"
"910","CS206","Sordariomycetes",4,"changbaishan"
"911","CS206","Taphrinomycetes",1,"changbaishan"
"912","CS206","Ustilaginomycetes",0,"changbaishan"
"913","CS207","Agaricomycetes",1,"changbaishan"
"914","CS207","Dothideomycetes",2,"changbaishan"
"915","CS207","Eurotiomycetes",0,"changbaishan"
"916","CS207","Exobasidiomycetes",0,"changbaishan"
"917","CS207","Leotiomycetes",0,"changbaishan"
"918","CS207","Sordariomycetes",0,"changbaishan"
"919","CS207","Taphrinomycetes",4,"changbaishan"
"920","CS207","Ustilaginomycetes",1,"changbaishan"
"921","CS208","Agaricomycetes",1,"changbaishan"
"922","CS208","Dothideomycetes",3,"changbaishan"
"923","CS208","Eurotiomycetes",0,"changbaishan"
"924","CS208","Exobasidiomycetes",0,"changbaishan"
"925","CS208","Leotiomycetes",1,"changbaishan"
"926","CS208","Sordariomycetes",8,"changbaishan"
"927","CS208","Taphrinomycetes",3,"changbaishan"
"928","CS208","Ustilaginomycetes",1,"changbaishan"
"929","CS209","Agaricomycetes",1,"changbaishan"
"930","CS209","Dothideomycetes",5,"changbaishan"
"931","CS209","Eurotiomycetes",0,"changbaishan"
"932","CS209","Exobasidiomycetes",0,"changbaishan"
"933","CS209","Leotiomycetes",0,"changbaishan"
"934","CS209","Sordariomycetes",1,"changbaishan"
"935","CS209","Taphrinomycetes",2,"changbaishan"
"936","CS209","Ustilaginomycetes",0,"changbaishan"
"937","CS21","Agaricomycetes",0,"donglingshan"
"938","CS21","Dothideomycetes",10,"donglingshan"
"939","CS21","Eurotiomycetes",0,"donglingshan"
"940","CS21","Exobasidiomycetes",0,"donglingshan"
"941","CS21","Leotiomycetes",2,"donglingshan"
"942","CS21","Sordariomycetes",6,"donglingshan"
"943","CS21","Taphrinomycetes",1,"donglingshan"
"944","CS21","Ustilaginomycetes",0,"donglingshan"
"945","CS213","Agaricomycetes",0,"xiaoxinganling"
"946","CS213","Dothideomycetes",3,"xiaoxinganling"
"947","CS213","Eurotiomycetes",0,"xiaoxinganling"
"948","CS213","Exobasidiomycetes",0,"xiaoxinganling"
"949","CS213","Leotiomycetes",0,"xiaoxinganling"
"950","CS213","Sordariomycetes",3,"xiaoxinganling"
"951","CS213","Taphrinomycetes",2,"xiaoxinganling"
"952","CS213","Ustilaginomycetes",0,"xiaoxinganling"
"953","CS214","Agaricomycetes",4,"xiaoxinganling"
"954","CS214","Dothideomycetes",9,"xiaoxinganling"
"955","CS214","Eurotiomycetes",0,"xiaoxinganling"
"956","CS214","Exobasidiomycetes",0,"xiaoxinganling"
"957","CS214","Leotiomycetes",1,"xiaoxinganling"
"958","CS214","Sordariomycetes",6,"xiaoxinganling"
"959","CS214","Taphrinomycetes",9,"xiaoxinganling"
"960","CS214","Ustilaginomycetes",1,"xiaoxinganling"
"961","CS215","Agaricomycetes",3,"xiaoxinganling"
"962","CS215","Dothideomycetes",5,"xiaoxinganling"
"963","CS215","Eurotiomycetes",0,"xiaoxinganling"
"964","CS215","Exobasidiomycetes",0,"xiaoxinganling"
"965","CS215","Leotiomycetes",0,"xiaoxinganling"
"966","CS215","Sordariomycetes",2,"xiaoxinganling"
"967","CS215","Taphrinomycetes",1,"xiaoxinganling"
"968","CS215","Ustilaginomycetes",0,"xiaoxinganling"
"969","CS216","Agaricomycetes",3,"xiaoxinganling"
"970","CS216","Dothideomycetes",5,"xiaoxinganling"
"971","CS216","Eurotiomycetes",0,"xiaoxinganling"
"972","CS216","Exobasidiomycetes",0,"xiaoxinganling"
"973","CS216","Leotiomycetes",1,"xiaoxinganling"
"974","CS216","Sordariomycetes",4,"xiaoxinganling"
"975","CS216","Taphrinomycetes",2,"xiaoxinganling"
"976","CS216","Ustilaginomycetes",0,"xiaoxinganling"
"977","CS217","Agaricomycetes",3,"xiaoxinganling"
"978","CS217","Dothideomycetes",8,"xiaoxinganling"
"979","CS217","Eurotiomycetes",0,"xiaoxinganling"
"980","CS217","Exobasidiomycetes",0,"xiaoxinganling"
"981","CS217","Leotiomycetes",0,"xiaoxinganling"
"982","CS217","Sordariomycetes",6,"xiaoxinganling"
"983","CS217","Taphrinomycetes",2,"xiaoxinganling"
"984","CS217","Ustilaginomycetes",0,"xiaoxinganling"
"985","CS218","Agaricomycetes",1,"xiaoxinganling"
"986","CS218","Dothideomycetes",2,"xiaoxinganling"
"987","CS218","Eurotiomycetes",0,"xiaoxinganling"
"988","CS218","Exobasidiomycetes",0,"xiaoxinganling"
"989","CS218","Leotiomycetes",0,"xiaoxinganling"
"990","CS218","Sordariomycetes",1,"xiaoxinganling"
"991","CS218","Taphrinomycetes",5,"xiaoxinganling"
"992","CS218","Ustilaginomycetes",0,"xiaoxinganling"
"993","CS219","Agaricomycetes",0,"xiaoxinganling"
"994","CS219","Dothideomycetes",6,"xiaoxinganling"
"995","CS219","Eurotiomycetes",0,"xiaoxinganling"
"996","CS219","Exobasidiomycetes",0,"xiaoxinganling"
"997","CS219","Leotiomycetes",1,"xiaoxinganling"
"998","CS219","Sordariomycetes",9,"xiaoxinganling"
"999","CS219","Taphrinomycetes",3,"xiaoxinganling"
"1000","CS219","Ustilaginomycetes",0,"xiaoxinganling"
"1001","CS22","Agaricomycetes",2,"donglingshan"
"1002","CS22","Dothideomycetes",7,"donglingshan"
"1003","CS22","Eurotiomycetes",0,"donglingshan"
"1004","CS22","Exobasidiomycetes",0,"donglingshan"
"1005","CS22","Leotiomycetes",0,"donglingshan"
"1006","CS22","Sordariomycetes",3,"donglingshan"
"1007","CS22","Taphrinomycetes",1,"donglingshan"
"1008","CS22","Ustilaginomycetes",0,"donglingshan"
"1009","CS220","Agaricomycetes",0,"xiaoxinganling"
"1010","CS220","Dothideomycetes",6,"xiaoxinganling"
"1011","CS220","Eurotiomycetes",0,"xiaoxinganling"
"1012","CS220","Exobasidiomycetes",0,"xiaoxinganling"
"1013","CS220","Leotiomycetes",0,"xiaoxinganling"
"1014","CS220","Sordariomycetes",11,"xiaoxinganling"
"1015","CS220","Taphrinomycetes",3,"xiaoxinganling"
"1016","CS220","Ustilaginomycetes",0,"xiaoxinganling"
"1017","CS221","Agaricomycetes",0,"xiaoxinganling"
"1018","CS221","Dothideomycetes",7,"xiaoxinganling"
"1019","CS221","Eurotiomycetes",1,"xiaoxinganling"
"1020","CS221","Exobasidiomycetes",0,"xiaoxinganling"
"1021","CS221","Leotiomycetes",0,"xiaoxinganling"
"1022","CS221","Sordariomycetes",7,"xiaoxinganling"
"1023","CS221","Taphrinomycetes",9,"xiaoxinganling"
"1024","CS221","Ustilaginomycetes",0,"xiaoxinganling"
"1025","CS222","Agaricomycetes",1,"xiaoxinganling"
"1026","CS222","Dothideomycetes",7,"xiaoxinganling"
"1027","CS222","Eurotiomycetes",0,"xiaoxinganling"
"1028","CS222","Exobasidiomycetes",0,"xiaoxinganling"
"1029","CS222","Leotiomycetes",0,"xiaoxinganling"
"1030","CS222","Sordariomycetes",6,"xiaoxinganling"
"1031","CS222","Taphrinomycetes",5,"xiaoxinganling"
"1032","CS222","Ustilaginomycetes",0,"xiaoxinganling"
"1033","CS223","Agaricomycetes",1,"xiaoxinganling"
"1034","CS223","Dothideomycetes",6,"xiaoxinganling"
"1035","CS223","Eurotiomycetes",0,"xiaoxinganling"
"1036","CS223","Exobasidiomycetes",0,"xiaoxinganling"
"1037","CS223","Leotiomycetes",1,"xiaoxinganling"
"1038","CS223","Sordariomycetes",12,"xiaoxinganling"
"1039","CS223","Taphrinomycetes",5,"xiaoxinganling"
"1040","CS223","Ustilaginomycetes",0,"xiaoxinganling"
"1041","CS224","Agaricomycetes",1,"xiaoxinganling"
"1042","CS224","Dothideomycetes",6,"xiaoxinganling"
"1043","CS224","Eurotiomycetes",0,"xiaoxinganling"
"1044","CS224","Exobasidiomycetes",0,"xiaoxinganling"
"1045","CS224","Leotiomycetes",0,"xiaoxinganling"
"1046","CS224","Sordariomycetes",4,"xiaoxinganling"
"1047","CS224","Taphrinomycetes",2,"xiaoxinganling"
"1048","CS224","Ustilaginomycetes",0,"xiaoxinganling"
"1049","CS225","Agaricomycetes",1,"xiaoxinganling"
"1050","CS225","Dothideomycetes",8,"xiaoxinganling"
"1051","CS225","Eurotiomycetes",0,"xiaoxinganling"
"1052","CS225","Exobasidiomycetes",0,"xiaoxinganling"
"1053","CS225","Leotiomycetes",0,"xiaoxinganling"
"1054","CS225","Sordariomycetes",8,"xiaoxinganling"
"1055","CS225","Taphrinomycetes",5,"xiaoxinganling"
"1056","CS225","Ustilaginomycetes",0,"xiaoxinganling"
"1057","CS226","Agaricomycetes",1,"xiaoxinganling"
"1058","CS226","Dothideomycetes",4,"xiaoxinganling"
"1059","CS226","Eurotiomycetes",0,"xiaoxinganling"
"1060","CS226","Exobasidiomycetes",0,"xiaoxinganling"
"1061","CS226","Leotiomycetes",0,"xiaoxinganling"
"1062","CS226","Sordariomycetes",3,"xiaoxinganling"
"1063","CS226","Taphrinomycetes",5,"xiaoxinganling"
"1064","CS226","Ustilaginomycetes",0,"xiaoxinganling"
"1065","CS227","Agaricomycetes",3,"xiaoxinganling"
"1066","CS227","Dothideomycetes",8,"xiaoxinganling"
"1067","CS227","Eurotiomycetes",0,"xiaoxinganling"
"1068","CS227","Exobasidiomycetes",0,"xiaoxinganling"
"1069","CS227","Leotiomycetes",0,"xiaoxinganling"
"1070","CS227","Sordariomycetes",13,"xiaoxinganling"
"1071","CS227","Taphrinomycetes",4,"xiaoxinganling"
"1072","CS227","Ustilaginomycetes",0,"xiaoxinganling"
"1073","CS228","Agaricomycetes",1,"xiaoxinganling"
"1074","CS228","Dothideomycetes",5,"xiaoxinganling"
"1075","CS228","Eurotiomycetes",0,"xiaoxinganling"
"1076","CS228","Exobasidiomycetes",0,"xiaoxinganling"
"1077","CS228","Leotiomycetes",0,"xiaoxinganling"
"1078","CS228","Sordariomycetes",8,"xiaoxinganling"
"1079","CS228","Taphrinomycetes",4,"xiaoxinganling"
"1080","CS228","Ustilaginomycetes",0,"xiaoxinganling"
"1081","CS229","Agaricomycetes",3,"xiaoxinganling"
"1082","CS229","Dothideomycetes",3,"xiaoxinganling"
"1083","CS229","Eurotiomycetes",0,"xiaoxinganling"
"1084","CS229","Exobasidiomycetes",0,"xiaoxinganling"
"1085","CS229","Leotiomycetes",0,"xiaoxinganling"
"1086","CS229","Sordariomycetes",6,"xiaoxinganling"
"1087","CS229","Taphrinomycetes",2,"xiaoxinganling"
"1088","CS229","Ustilaginomycetes",0,"xiaoxinganling"
"1089","CS23","Agaricomycetes",4,"donglingshan"
"1090","CS23","Dothideomycetes",6,"donglingshan"
"1091","CS23","Eurotiomycetes",0,"donglingshan"
"1092","CS23","Exobasidiomycetes",0,"donglingshan"
"1093","CS23","Leotiomycetes",0,"donglingshan"
"1094","CS23","Sordariomycetes",6,"donglingshan"
"1095","CS23","Taphrinomycetes",2,"donglingshan"
"1096","CS23","Ustilaginomycetes",0,"donglingshan"
"1097","CS230","Agaricomycetes",1,"xiaoxinganling"
"1098","CS230","Dothideomycetes",8,"xiaoxinganling"
"1099","CS230","Eurotiomycetes",0,"xiaoxinganling"
"1100","CS230","Exobasidiomycetes",0,"xiaoxinganling"
"1101","CS230","Leotiomycetes",0,"xiaoxinganling"
"1102","CS230","Sordariomycetes",3,"xiaoxinganling"
"1103","CS230","Taphrinomycetes",1,"xiaoxinganling"
"1104","CS230","Ustilaginomycetes",0,"xiaoxinganling"
"1105","CS231","Agaricomycetes",0,"xiaoxinganling"
"1106","CS231","Dothideomycetes",3,"xiaoxinganling"
"1107","CS231","Eurotiomycetes",0,"xiaoxinganling"
"1108","CS231","Exobasidiomycetes",0,"xiaoxinganling"
"1109","CS231","Leotiomycetes",1,"xiaoxinganling"
"1110","CS231","Sordariomycetes",2,"xiaoxinganling"
"1111","CS231","Taphrinomycetes",3,"xiaoxinganling"
"1112","CS231","Ustilaginomycetes",0,"xiaoxinganling"
"1113","CS232","Agaricomycetes",1,"xiaoxinganling"
"1114","CS232","Dothideomycetes",10,"xiaoxinganling"
"1115","CS232","Eurotiomycetes",0,"xiaoxinganling"
"1116","CS232","Exobasidiomycetes",0,"xiaoxinganling"
"1117","CS232","Leotiomycetes",0,"xiaoxinganling"
"1118","CS232","Sordariomycetes",4,"xiaoxinganling"
"1119","CS232","Taphrinomycetes",4,"xiaoxinganling"
"1120","CS232","Ustilaginomycetes",0,"xiaoxinganling"
"1121","CS236","Agaricomycetes",1,"tiantongshan"
"1122","CS236","Dothideomycetes",14,"tiantongshan"
"1123","CS236","Eurotiomycetes",0,"tiantongshan"
"1124","CS236","Exobasidiomycetes",0,"tiantongshan"
"1125","CS236","Leotiomycetes",0,"tiantongshan"
"1126","CS236","Sordariomycetes",4,"tiantongshan"
"1127","CS236","Taphrinomycetes",2,"tiantongshan"
"1128","CS236","Ustilaginomycetes",1,"tiantongshan"
"1129","CS237","Agaricomycetes",4,"tiantongshan"
"1130","CS237","Dothideomycetes",31,"tiantongshan"
"1131","CS237","Eurotiomycetes",0,"tiantongshan"
"1132","CS237","Exobasidiomycetes",0,"tiantongshan"
"1133","CS237","Leotiomycetes",0,"tiantongshan"
"1134","CS237","Sordariomycetes",4,"tiantongshan"
"1135","CS237","Taphrinomycetes",3,"tiantongshan"
"1136","CS237","Ustilaginomycetes",2,"tiantongshan"
"1137","CS239","Agaricomycetes",5,"tiantongshan"
"1138","CS239","Dothideomycetes",30,"tiantongshan"
"1139","CS239","Eurotiomycetes",0,"tiantongshan"
"1140","CS239","Exobasidiomycetes",3,"tiantongshan"
"1141","CS239","Leotiomycetes",1,"tiantongshan"
"1142","CS239","Sordariomycetes",24,"tiantongshan"
"1143","CS239","Taphrinomycetes",3,"tiantongshan"
"1144","CS239","Ustilaginomycetes",4,"tiantongshan"
"1145","CS24","Agaricomycetes",1,"donglingshan"
"1146","CS24","Dothideomycetes",7,"donglingshan"
"1147","CS24","Eurotiomycetes",0,"donglingshan"
"1148","CS24","Exobasidiomycetes",0,"donglingshan"
"1149","CS24","Leotiomycetes",1,"donglingshan"
"1150","CS24","Sordariomycetes",2,"donglingshan"
"1151","CS24","Taphrinomycetes",2,"donglingshan"
"1152","CS24","Ustilaginomycetes",0,"donglingshan"
"1153","CS243","Agaricomycetes",1,"tiantongshan"
"1154","CS243","Dothideomycetes",27,"tiantongshan"
"1155","CS243","Eurotiomycetes",0,"tiantongshan"
"1156","CS243","Exobasidiomycetes",1,"tiantongshan"
"1157","CS243","Leotiomycetes",0,"tiantongshan"
"1158","CS243","Sordariomycetes",9,"tiantongshan"
"1159","CS243","Taphrinomycetes",3,"tiantongshan"
"1160","CS243","Ustilaginomycetes",0,"tiantongshan"
"1161","CS244","Agaricomycetes",0,"tiantongshan"
"1162","CS244","Dothideomycetes",28,"tiantongshan"
"1163","CS244","Eurotiomycetes",0,"tiantongshan"
"1164","CS244","Exobasidiomycetes",2,"tiantongshan"
"1165","CS244","Leotiomycetes",0,"tiantongshan"
"1166","CS244","Sordariomycetes",1,"tiantongshan"
"1167","CS244","Taphrinomycetes",4,"tiantongshan"
"1168","CS244","Ustilaginomycetes",4,"tiantongshan"
"1169","CS245","Agaricomycetes",3,"tiantongshan"
"1170","CS245","Dothideomycetes",28,"tiantongshan"
"1171","CS245","Eurotiomycetes",0,"tiantongshan"
"1172","CS245","Exobasidiomycetes",1,"tiantongshan"
"1173","CS245","Leotiomycetes",0,"tiantongshan"
"1174","CS245","Sordariomycetes",5,"tiantongshan"
"1175","CS245","Taphrinomycetes",4,"tiantongshan"
"1176","CS245","Ustilaginomycetes",1,"tiantongshan"
"1177","CS246","Agaricomycetes",1,"tiantongshan"
"1178","CS246","Dothideomycetes",30,"tiantongshan"
"1179","CS246","Eurotiomycetes",0,"tiantongshan"
"1180","CS246","Exobasidiomycetes",1,"tiantongshan"
"1181","CS246","Leotiomycetes",0,"tiantongshan"
"1182","CS246","Sordariomycetes",9,"tiantongshan"
"1183","CS246","Taphrinomycetes",2,"tiantongshan"
"1184","CS246","Ustilaginomycetes",1,"tiantongshan"
"1185","CS247","Agaricomycetes",1,"tiantongshan"
"1186","CS247","Dothideomycetes",18,"tiantongshan"
"1187","CS247","Eurotiomycetes",0,"tiantongshan"
"1188","CS247","Exobasidiomycetes",1,"tiantongshan"
"1189","CS247","Leotiomycetes",0,"tiantongshan"
"1190","CS247","Sordariomycetes",9,"tiantongshan"
"1191","CS247","Taphrinomycetes",5,"tiantongshan"
"1192","CS247","Ustilaginomycetes",1,"tiantongshan"
"1193","CS248","Agaricomycetes",0,"tiantongshan"
"1194","CS248","Dothideomycetes",13,"tiantongshan"
"1195","CS248","Eurotiomycetes",0,"tiantongshan"
"1196","CS248","Exobasidiomycetes",1,"tiantongshan"
"1197","CS248","Leotiomycetes",0,"tiantongshan"
"1198","CS248","Sordariomycetes",0,"tiantongshan"
"1199","CS248","Taphrinomycetes",0,"tiantongshan"
"1200","CS248","Ustilaginomycetes",0,"tiantongshan"
"1201","CS249","Agaricomycetes",1,"tiantongshan"
"1202","CS249","Dothideomycetes",21,"tiantongshan"
"1203","CS249","Eurotiomycetes",0,"tiantongshan"
"1204","CS249","Exobasidiomycetes",0,"tiantongshan"
"1205","CS249","Leotiomycetes",0,"tiantongshan"
"1206","CS249","Sordariomycetes",16,"tiantongshan"
"1207","CS249","Taphrinomycetes",1,"tiantongshan"
"1208","CS249","Ustilaginomycetes",1,"tiantongshan"
"1209","CS25","Agaricomycetes",0,"donglingshan"
"1210","CS25","Dothideomycetes",9,"donglingshan"
"1211","CS25","Eurotiomycetes",0,"donglingshan"
"1212","CS25","Exobasidiomycetes",0,"donglingshan"
"1213","CS25","Leotiomycetes",0,"donglingshan"
"1214","CS25","Sordariomycetes",3,"donglingshan"
"1215","CS25","Taphrinomycetes",2,"donglingshan"
"1216","CS25","Ustilaginomycetes",0,"donglingshan"
"1217","CS250","Agaricomycetes",2,"tiantongshan"
"1218","CS250","Dothideomycetes",31,"tiantongshan"
"1219","CS250","Eurotiomycetes",0,"tiantongshan"
"1220","CS250","Exobasidiomycetes",0,"tiantongshan"
"1221","CS250","Leotiomycetes",0,"tiantongshan"
"1222","CS250","Sordariomycetes",10,"tiantongshan"
"1223","CS250","Taphrinomycetes",3,"tiantongshan"
"1224","CS250","Ustilaginomycetes",3,"tiantongshan"
"1225","CS251","Agaricomycetes",2,"tiantongshan"
"1226","CS251","Dothideomycetes",27,"tiantongshan"
"1227","CS251","Eurotiomycetes",0,"tiantongshan"
"1228","CS251","Exobasidiomycetes",1,"tiantongshan"
"1229","CS251","Leotiomycetes",0,"tiantongshan"
"1230","CS251","Sordariomycetes",21,"tiantongshan"
"1231","CS251","Taphrinomycetes",2,"tiantongshan"
"1232","CS251","Ustilaginomycetes",2,"tiantongshan"
"1233","CS252","Agaricomycetes",2,"tiantongshan"
"1234","CS252","Dothideomycetes",21,"tiantongshan"
"1235","CS252","Eurotiomycetes",0,"tiantongshan"
"1236","CS252","Exobasidiomycetes",2,"tiantongshan"
"1237","CS252","Leotiomycetes",0,"tiantongshan"
"1238","CS252","Sordariomycetes",20,"tiantongshan"
"1239","CS252","Taphrinomycetes",5,"tiantongshan"
"1240","CS252","Ustilaginomycetes",1,"tiantongshan"
"1241","CS253","Agaricomycetes",2,"tiantongshan"
"1242","CS253","Dothideomycetes",28,"tiantongshan"
"1243","CS253","Eurotiomycetes",0,"tiantongshan"
"1244","CS253","Exobasidiomycetes",3,"tiantongshan"
"1245","CS253","Leotiomycetes",0,"tiantongshan"
"1246","CS253","Sordariomycetes",9,"tiantongshan"
"1247","CS253","Taphrinomycetes",4,"tiantongshan"
"1248","CS253","Ustilaginomycetes",1,"tiantongshan"
"1249","CS254","Agaricomycetes",3,"tiantongshan"
"1250","CS254","Dothideomycetes",21,"tiantongshan"
"1251","CS254","Eurotiomycetes",1,"tiantongshan"
"1252","CS254","Exobasidiomycetes",0,"tiantongshan"
"1253","CS254","Leotiomycetes",0,"tiantongshan"
"1254","CS254","Sordariomycetes",16,"tiantongshan"
"1255","CS254","Taphrinomycetes",1,"tiantongshan"
"1256","CS254","Ustilaginomycetes",1,"tiantongshan"
"1257","CS255","Agaricomycetes",5,"tiantongshan"
"1258","CS255","Dothideomycetes",36,"tiantongshan"
"1259","CS255","Eurotiomycetes",0,"tiantongshan"
"1260","CS255","Exobasidiomycetes",1,"tiantongshan"
"1261","CS255","Leotiomycetes",0,"tiantongshan"
"1262","CS255","Sordariomycetes",17,"tiantongshan"
"1263","CS255","Taphrinomycetes",5,"tiantongshan"
"1264","CS255","Ustilaginomycetes",3,"tiantongshan"
"1265","CS256","Agaricomycetes",1,"tiantongshan"
"1266","CS256","Dothideomycetes",17,"tiantongshan"
"1267","CS256","Eurotiomycetes",1,"tiantongshan"
"1268","CS256","Exobasidiomycetes",1,"tiantongshan"
"1269","CS256","Leotiomycetes",0,"tiantongshan"
"1270","CS256","Sordariomycetes",4,"tiantongshan"
"1271","CS256","Taphrinomycetes",1,"tiantongshan"
"1272","CS256","Ustilaginomycetes",0,"tiantongshan"
"1273","CS257","Agaricomycetes",3,"tiantongshan"
"1274","CS257","Dothideomycetes",18,"tiantongshan"
"1275","CS257","Eurotiomycetes",0,"tiantongshan"
"1276","CS257","Exobasidiomycetes",0,"tiantongshan"
"1277","CS257","Leotiomycetes",0,"tiantongshan"
"1278","CS257","Sordariomycetes",4,"tiantongshan"
"1279","CS257","Taphrinomycetes",0,"tiantongshan"
"1280","CS257","Ustilaginomycetes",0,"tiantongshan"
"1281","CS258","Agaricomycetes",1,"tiantongshan"
"1282","CS258","Dothideomycetes",10,"tiantongshan"
"1283","CS258","Eurotiomycetes",1,"tiantongshan"
"1284","CS258","Exobasidiomycetes",0,"tiantongshan"
"1285","CS258","Leotiomycetes",0,"tiantongshan"
"1286","CS258","Sordariomycetes",27,"tiantongshan"
"1287","CS258","Taphrinomycetes",3,"tiantongshan"
"1288","CS258","Ustilaginomycetes",0,"tiantongshan"
"1289","CS259","Agaricomycetes",2,"tiantongshan"
"1290","CS259","Dothideomycetes",18,"tiantongshan"
"1291","CS259","Eurotiomycetes",0,"tiantongshan"
"1292","CS259","Exobasidiomycetes",0,"tiantongshan"
"1293","CS259","Leotiomycetes",0,"tiantongshan"
"1294","CS259","Sordariomycetes",7,"tiantongshan"
"1295","CS259","Taphrinomycetes",5,"tiantongshan"
"1296","CS259","Ustilaginomycetes",0,"tiantongshan"
"1297","CS26","Agaricomycetes",1,"donglingshan"
"1298","CS26","Dothideomycetes",5,"donglingshan"
"1299","CS26","Eurotiomycetes",0,"donglingshan"
"1300","CS26","Exobasidiomycetes",0,"donglingshan"
"1301","CS26","Leotiomycetes",0,"donglingshan"
"1302","CS26","Sordariomycetes",3,"donglingshan"
"1303","CS26","Taphrinomycetes",1,"donglingshan"
"1304","CS26","Ustilaginomycetes",0,"donglingshan"
"1305","CS260","Agaricomycetes",1,"tiantongshan"
"1306","CS260","Dothideomycetes",14,"tiantongshan"
"1307","CS260","Eurotiomycetes",1,"tiantongshan"
"1308","CS260","Exobasidiomycetes",0,"tiantongshan"
"1309","CS260","Leotiomycetes",0,"tiantongshan"
"1310","CS260","Sordariomycetes",3,"tiantongshan"
"1311","CS260","Taphrinomycetes",5,"tiantongshan"
"1312","CS260","Ustilaginomycetes",1,"tiantongshan"
"1313","CS261","Agaricomycetes",2,"tiantongshan"
"1314","CS261","Dothideomycetes",15,"tiantongshan"
"1315","CS261","Eurotiomycetes",0,"tiantongshan"
"1316","CS261","Exobasidiomycetes",3,"tiantongshan"
"1317","CS261","Leotiomycetes",0,"tiantongshan"
"1318","CS261","Sordariomycetes",5,"tiantongshan"
"1319","CS261","Taphrinomycetes",5,"tiantongshan"
"1320","CS261","Ustilaginomycetes",2,"tiantongshan"
"1321","CS262","Agaricomycetes",1,"tiantongshan"
"1322","CS262","Dothideomycetes",18,"tiantongshan"
"1323","CS262","Eurotiomycetes",0,"tiantongshan"
"1324","CS262","Exobasidiomycetes",3,"tiantongshan"
"1325","CS262","Leotiomycetes",0,"tiantongshan"
"1326","CS262","Sordariomycetes",9,"tiantongshan"
"1327","CS262","Taphrinomycetes",5,"tiantongshan"
"1328","CS262","Ustilaginomycetes",2,"tiantongshan"
"1329","CS263","Agaricomycetes",2,"tiantongshan"
"1330","CS263","Dothideomycetes",23,"tiantongshan"
"1331","CS263","Eurotiomycetes",0,"tiantongshan"
"1332","CS263","Exobasidiomycetes",3,"tiantongshan"
"1333","CS263","Leotiomycetes",0,"tiantongshan"
"1334","CS263","Sordariomycetes",5,"tiantongshan"
"1335","CS263","Taphrinomycetes",3,"tiantongshan"
"1336","CS263","Ustilaginomycetes",2,"tiantongshan"
"1337","CS264","Agaricomycetes",0,"tiantongshan"
"1338","CS264","Dothideomycetes",16,"tiantongshan"
"1339","CS264","Eurotiomycetes",0,"tiantongshan"
"1340","CS264","Exobasidiomycetes",0,"tiantongshan"
"1341","CS264","Leotiomycetes",0,"tiantongshan"
"1342","CS264","Sordariomycetes",4,"tiantongshan"
"1343","CS264","Taphrinomycetes",0,"tiantongshan"
"1344","CS264","Ustilaginomycetes",2,"tiantongshan"
"1345","CS265","Agaricomycetes",6,"tiantongshan"
"1346","CS265","Dothideomycetes",14,"tiantongshan"
"1347","CS265","Eurotiomycetes",0,"tiantongshan"
"1348","CS265","Exobasidiomycetes",2,"tiantongshan"
"1349","CS265","Leotiomycetes",0,"tiantongshan"
"1350","CS265","Sordariomycetes",9,"tiantongshan"
"1351","CS265","Taphrinomycetes",2,"tiantongshan"
"1352","CS265","Ustilaginomycetes",2,"tiantongshan"
"1353","CS266","Agaricomycetes",3,"tiantongshan"
"1354","CS266","Dothideomycetes",17,"tiantongshan"
"1355","CS266","Eurotiomycetes",0,"tiantongshan"
"1356","CS266","Exobasidiomycetes",1,"tiantongshan"
"1357","CS266","Leotiomycetes",0,"tiantongshan"
"1358","CS266","Sordariomycetes",13,"tiantongshan"
"1359","CS266","Taphrinomycetes",2,"tiantongshan"
"1360","CS266","Ustilaginomycetes",1,"tiantongshan"
"1361","CS267","Agaricomycetes",2,"tiantongshan"
"1362","CS267","Dothideomycetes",18,"tiantongshan"
"1363","CS267","Eurotiomycetes",0,"tiantongshan"
"1364","CS267","Exobasidiomycetes",1,"tiantongshan"
"1365","CS267","Leotiomycetes",0,"tiantongshan"
"1366","CS267","Sordariomycetes",20,"tiantongshan"
"1367","CS267","Taphrinomycetes",1,"tiantongshan"
"1368","CS267","Ustilaginomycetes",0,"tiantongshan"
"1369","CS268","Agaricomycetes",3,"tiantongshan"
"1370","CS268","Dothideomycetes",20,"tiantongshan"
"1371","CS268","Eurotiomycetes",0,"tiantongshan"
"1372","CS268","Exobasidiomycetes",1,"tiantongshan"
"1373","CS268","Leotiomycetes",0,"tiantongshan"
"1374","CS268","Sordariomycetes",17,"tiantongshan"
"1375","CS268","Taphrinomycetes",3,"tiantongshan"
"1376","CS268","Ustilaginomycetes",1,"tiantongshan"
"1377","CS269","Agaricomycetes",2,"tiantongshan"
"1378","CS269","Dothideomycetes",25,"tiantongshan"
"1379","CS269","Eurotiomycetes",0,"tiantongshan"
"1380","CS269","Exobasidiomycetes",2,"tiantongshan"
"1381","CS269","Leotiomycetes",1,"tiantongshan"
"1382","CS269","Sordariomycetes",10,"tiantongshan"
"1383","CS269","Taphrinomycetes",2,"tiantongshan"
"1384","CS269","Ustilaginomycetes",2,"tiantongshan"
"1385","CS27","Agaricomycetes",1,"donglingshan"
"1386","CS27","Dothideomycetes",7,"donglingshan"
"1387","CS27","Eurotiomycetes",0,"donglingshan"
"1388","CS27","Exobasidiomycetes",0,"donglingshan"
"1389","CS27","Leotiomycetes",0,"donglingshan"
"1390","CS27","Sordariomycetes",4,"donglingshan"
"1391","CS27","Taphrinomycetes",1,"donglingshan"
"1392","CS27","Ustilaginomycetes",0,"donglingshan"
"1393","CS270","Agaricomycetes",1,"tiantongshan"
"1394","CS270","Dothideomycetes",29,"tiantongshan"
"1395","CS270","Eurotiomycetes",0,"tiantongshan"
"1396","CS270","Exobasidiomycetes",3,"tiantongshan"
"1397","CS270","Leotiomycetes",0,"tiantongshan"
"1398","CS270","Sordariomycetes",25,"tiantongshan"
"1399","CS270","Taphrinomycetes",5,"tiantongshan"
"1400","CS270","Ustilaginomycetes",0,"tiantongshan"
"1401","CS271","Agaricomycetes",2,"tiantongshan"
"1402","CS271","Dothideomycetes",20,"tiantongshan"
"1403","CS271","Eurotiomycetes",0,"tiantongshan"
"1404","CS271","Exobasidiomycetes",2,"tiantongshan"
"1405","CS271","Leotiomycetes",0,"tiantongshan"
"1406","CS271","Sordariomycetes",9,"tiantongshan"
"1407","CS271","Taphrinomycetes",1,"tiantongshan"
"1408","CS271","Ustilaginomycetes",1,"tiantongshan"
"1409","CS272","Agaricomycetes",1,"tiantongshan"
"1410","CS272","Dothideomycetes",26,"tiantongshan"
"1411","CS272","Eurotiomycetes",0,"tiantongshan"
"1412","CS272","Exobasidiomycetes",0,"tiantongshan"
"1413","CS272","Leotiomycetes",0,"tiantongshan"
"1414","CS272","Sordariomycetes",10,"tiantongshan"
"1415","CS272","Taphrinomycetes",1,"tiantongshan"
"1416","CS272","Ustilaginomycetes",0,"tiantongshan"
"1417","CS273","Agaricomycetes",5,"tiantongshan"
"1418","CS273","Dothideomycetes",15,"tiantongshan"
"1419","CS273","Eurotiomycetes",0,"tiantongshan"
"1420","CS273","Exobasidiomycetes",2,"tiantongshan"
"1421","CS273","Leotiomycetes",0,"tiantongshan"
"1422","CS273","Sordariomycetes",15,"tiantongshan"
"1423","CS273","Taphrinomycetes",5,"tiantongshan"
"1424","CS273","Ustilaginomycetes",1,"tiantongshan"
"1425","CS274","Agaricomycetes",2,"tiantongshan"
"1426","CS274","Dothideomycetes",21,"tiantongshan"
"1427","CS274","Eurotiomycetes",0,"tiantongshan"
"1428","CS274","Exobasidiomycetes",1,"tiantongshan"
"1429","CS274","Leotiomycetes",0,"tiantongshan"
"1430","CS274","Sordariomycetes",33,"tiantongshan"
"1431","CS274","Taphrinomycetes",3,"tiantongshan"
"1432","CS274","Ustilaginomycetes",3,"tiantongshan"
"1433","CS276","Agaricomycetes",0,"tiantongshan"
"1434","CS276","Dothideomycetes",15,"tiantongshan"
"1435","CS276","Eurotiomycetes",1,"tiantongshan"
"1436","CS276","Exobasidiomycetes",2,"tiantongshan"
"1437","CS276","Leotiomycetes",0,"tiantongshan"
"1438","CS276","Sordariomycetes",3,"tiantongshan"
"1439","CS276","Taphrinomycetes",2,"tiantongshan"
"1440","CS276","Ustilaginomycetes",3,"tiantongshan"
"1441","CS277","Agaricomycetes",1,"tiantongshan"
"1442","CS277","Dothideomycetes",22,"tiantongshan"
"1443","CS277","Eurotiomycetes",0,"tiantongshan"
"1444","CS277","Exobasidiomycetes",1,"tiantongshan"
"1445","CS277","Leotiomycetes",1,"tiantongshan"
"1446","CS277","Sordariomycetes",14,"tiantongshan"
"1447","CS277","Taphrinomycetes",3,"tiantongshan"
"1448","CS277","Ustilaginomycetes",2,"tiantongshan"
"1449","CS278","Agaricomycetes",1,"tiantongshan"
"1450","CS278","Dothideomycetes",16,"tiantongshan"
"1451","CS278","Eurotiomycetes",0,"tiantongshan"
"1452","CS278","Exobasidiomycetes",0,"tiantongshan"
"1453","CS278","Leotiomycetes",0,"tiantongshan"
"1454","CS278","Sordariomycetes",17,"tiantongshan"
"1455","CS278","Taphrinomycetes",4,"tiantongshan"
"1456","CS278","Ustilaginomycetes",1,"tiantongshan"
"1457","CS279","Agaricomycetes",0,"tiantongshan"
"1458","CS279","Dothideomycetes",16,"tiantongshan"
"1459","CS279","Eurotiomycetes",0,"tiantongshan"
"1460","CS279","Exobasidiomycetes",0,"tiantongshan"
"1461","CS279","Leotiomycetes",0,"tiantongshan"
"1462","CS279","Sordariomycetes",12,"tiantongshan"
"1463","CS279","Taphrinomycetes",1,"tiantongshan"
"1464","CS279","Ustilaginomycetes",1,"tiantongshan"
"1465","CS28","Agaricomycetes",1,"donglingshan"
"1466","CS28","Dothideomycetes",9,"donglingshan"
"1467","CS28","Eurotiomycetes",0,"donglingshan"
"1468","CS28","Exobasidiomycetes",0,"donglingshan"
"1469","CS28","Leotiomycetes",1,"donglingshan"
"1470","CS28","Sordariomycetes",4,"donglingshan"
"1471","CS28","Taphrinomycetes",1,"donglingshan"
"1472","CS28","Ustilaginomycetes",0,"donglingshan"
"1473","CS280","Agaricomycetes",3,"tiantongshan"
"1474","CS280","Dothideomycetes",26,"tiantongshan"
"1475","CS280","Eurotiomycetes",0,"tiantongshan"
"1476","CS280","Exobasidiomycetes",1,"tiantongshan"
"1477","CS280","Leotiomycetes",0,"tiantongshan"
"1478","CS280","Sordariomycetes",12,"tiantongshan"
"1479","CS280","Taphrinomycetes",3,"tiantongshan"
"1480","CS280","Ustilaginomycetes",2,"tiantongshan"
"1481","CS281","Agaricomycetes",1,"tiantongshan"
"1482","CS281","Dothideomycetes",18,"tiantongshan"
"1483","CS281","Eurotiomycetes",0,"tiantongshan"
"1484","CS281","Exobasidiomycetes",2,"tiantongshan"
"1485","CS281","Leotiomycetes",0,"tiantongshan"
"1486","CS281","Sordariomycetes",1,"tiantongshan"
"1487","CS281","Taphrinomycetes",4,"tiantongshan"
"1488","CS281","Ustilaginomycetes",2,"tiantongshan"
"1489","CS282","Agaricomycetes",2,"tiantongshan"
"1490","CS282","Dothideomycetes",21,"tiantongshan"
"1491","CS282","Eurotiomycetes",1,"tiantongshan"
"1492","CS282","Exobasidiomycetes",0,"tiantongshan"
"1493","CS282","Leotiomycetes",0,"tiantongshan"
"1494","CS282","Sordariomycetes",5,"tiantongshan"
"1495","CS282","Taphrinomycetes",0,"tiantongshan"
"1496","CS282","Ustilaginomycetes",0,"tiantongshan"
"1497","CS283","Agaricomycetes",2,"tiantongshan"
"1498","CS283","Dothideomycetes",14,"tiantongshan"
"1499","CS283","Eurotiomycetes",0,"tiantongshan"
"1500","CS283","Exobasidiomycetes",0,"tiantongshan"
"1501","CS283","Leotiomycetes",0,"tiantongshan"
"1502","CS283","Sordariomycetes",5,"tiantongshan"
"1503","CS283","Taphrinomycetes",1,"tiantongshan"
"1504","CS283","Ustilaginomycetes",1,"tiantongshan"
"1505","CS284","Agaricomycetes",3,"tiantongshan"
"1506","CS284","Dothideomycetes",25,"tiantongshan"
"1507","CS284","Eurotiomycetes",0,"tiantongshan"
"1508","CS284","Exobasidiomycetes",0,"tiantongshan"
"1509","CS284","Leotiomycetes",0,"tiantongshan"
"1510","CS284","Sordariomycetes",13,"tiantongshan"
"1511","CS284","Taphrinomycetes",1,"tiantongshan"
"1512","CS284","Ustilaginomycetes",1,"tiantongshan"
"1513","CS285","Agaricomycetes",3,"tiantongshan"
"1514","CS285","Dothideomycetes",33,"tiantongshan"
"1515","CS285","Eurotiomycetes",0,"tiantongshan"
"1516","CS285","Exobasidiomycetes",0,"tiantongshan"
"1517","CS285","Leotiomycetes",0,"tiantongshan"
"1518","CS285","Sordariomycetes",16,"tiantongshan"
"1519","CS285","Taphrinomycetes",1,"tiantongshan"
"1520","CS285","Ustilaginomycetes",2,"tiantongshan"
"1521","CS286","Agaricomycetes",0,"tiantongshan"
"1522","CS286","Dothideomycetes",19,"tiantongshan"
"1523","CS286","Eurotiomycetes",0,"tiantongshan"
"1524","CS286","Exobasidiomycetes",1,"tiantongshan"
"1525","CS286","Leotiomycetes",0,"tiantongshan"
"1526","CS286","Sordariomycetes",11,"tiantongshan"
"1527","CS286","Taphrinomycetes",2,"tiantongshan"
"1528","CS286","Ustilaginomycetes",1,"tiantongshan"
"1529","CS287","Agaricomycetes",0,"qinzhou"
"1530","CS287","Dothideomycetes",20,"qinzhou"
"1531","CS287","Eurotiomycetes",0,"qinzhou"
"1532","CS287","Exobasidiomycetes",0,"qinzhou"
"1533","CS287","Leotiomycetes",0,"qinzhou"
"1534","CS287","Sordariomycetes",1,"qinzhou"
"1535","CS287","Taphrinomycetes",0,"qinzhou"
"1536","CS287","Ustilaginomycetes",1,"qinzhou"
"1537","CS288","Agaricomycetes",0,"qinzhou"
"1538","CS288","Dothideomycetes",24,"qinzhou"
"1539","CS288","Eurotiomycetes",0,"qinzhou"
"1540","CS288","Exobasidiomycetes",0,"qinzhou"
"1541","CS288","Leotiomycetes",0,"qinzhou"
"1542","CS288","Sordariomycetes",2,"qinzhou"
"1543","CS288","Taphrinomycetes",0,"qinzhou"
"1544","CS288","Ustilaginomycetes",3,"qinzhou"
"1545","CS289","Agaricomycetes",0,"qinzhou"
"1546","CS289","Dothideomycetes",27,"qinzhou"
"1547","CS289","Eurotiomycetes",0,"qinzhou"
"1548","CS289","Exobasidiomycetes",1,"qinzhou"
"1549","CS289","Leotiomycetes",0,"qinzhou"
"1550","CS289","Sordariomycetes",10,"qinzhou"
"1551","CS289","Taphrinomycetes",0,"qinzhou"
"1552","CS289","Ustilaginomycetes",2,"qinzhou"
"1553","CS29","Agaricomycetes",0,"donglingshan"
"1554","CS29","Dothideomycetes",9,"donglingshan"
"1555","CS29","Eurotiomycetes",0,"donglingshan"
"1556","CS29","Exobasidiomycetes",0,"donglingshan"
"1557","CS29","Leotiomycetes",1,"donglingshan"
"1558","CS29","Sordariomycetes",6,"donglingshan"
"1559","CS29","Taphrinomycetes",0,"donglingshan"
"1560","CS29","Ustilaginomycetes",0,"donglingshan"
"1561","CS290","Agaricomycetes",0,"qinzhou"
"1562","CS290","Dothideomycetes",17,"qinzhou"
"1563","CS290","Eurotiomycetes",0,"qinzhou"
"1564","CS290","Exobasidiomycetes",0,"qinzhou"
"1565","CS290","Leotiomycetes",0,"qinzhou"
"1566","CS290","Sordariomycetes",4,"qinzhou"
"1567","CS290","Taphrinomycetes",0,"qinzhou"
"1568","CS290","Ustilaginomycetes",1,"qinzhou"
"1569","CS3","Agaricomycetes",0,"donglingshan"
"1570","CS3","Dothideomycetes",8,"donglingshan"
"1571","CS3","Eurotiomycetes",0,"donglingshan"
"1572","CS3","Exobasidiomycetes",0,"donglingshan"
"1573","CS3","Leotiomycetes",1,"donglingshan"
"1574","CS3","Sordariomycetes",6,"donglingshan"
"1575","CS3","Taphrinomycetes",1,"donglingshan"
"1576","CS3","Ustilaginomycetes",0,"donglingshan"
"1577","CS30","Agaricomycetes",0,"donglingshan"
"1578","CS30","Dothideomycetes",5,"donglingshan"
"1579","CS30","Eurotiomycetes",0,"donglingshan"
"1580","CS30","Exobasidiomycetes",0,"donglingshan"
"1581","CS30","Leotiomycetes",0,"donglingshan"
"1582","CS30","Sordariomycetes",4,"donglingshan"
"1583","CS30","Taphrinomycetes",1,"donglingshan"
"1584","CS30","Ustilaginomycetes",0,"donglingshan"
"1585","CS31","Agaricomycetes",0,"donglingshan"
"1586","CS31","Dothideomycetes",5,"donglingshan"
"1587","CS31","Eurotiomycetes",0,"donglingshan"
"1588","CS31","Exobasidiomycetes",0,"donglingshan"
"1589","CS31","Leotiomycetes",0,"donglingshan"
"1590","CS31","Sordariomycetes",3,"donglingshan"
"1591","CS31","Taphrinomycetes",2,"donglingshan"
"1592","CS31","Ustilaginomycetes",0,"donglingshan"
"1593","CS32","Agaricomycetes",0,"donglingshan"
"1594","CS32","Dothideomycetes",9,"donglingshan"
"1595","CS32","Eurotiomycetes",0,"donglingshan"
"1596","CS32","Exobasidiomycetes",0,"donglingshan"
"1597","CS32","Leotiomycetes",0,"donglingshan"
"1598","CS32","Sordariomycetes",5,"donglingshan"
"1599","CS32","Taphrinomycetes",2,"donglingshan"
"1600","CS32","Ustilaginomycetes",0,"donglingshan"
"1601","CS33","Agaricomycetes",1,"donglingshan"
"1602","CS33","Dothideomycetes",11,"donglingshan"
"1603","CS33","Eurotiomycetes",1,"donglingshan"
"1604","CS33","Exobasidiomycetes",0,"donglingshan"
"1605","CS33","Leotiomycetes",4,"donglingshan"
"1606","CS33","Sordariomycetes",4,"donglingshan"
"1607","CS33","Taphrinomycetes",2,"donglingshan"
"1608","CS33","Ustilaginomycetes",0,"donglingshan"
"1609","CS34","Agaricomycetes",0,"donglingshan"
"1610","CS34","Dothideomycetes",13,"donglingshan"
"1611","CS34","Eurotiomycetes",0,"donglingshan"
"1612","CS34","Exobasidiomycetes",0,"donglingshan"
"1613","CS34","Leotiomycetes",1,"donglingshan"
"1614","CS34","Sordariomycetes",1,"donglingshan"
"1615","CS34","Taphrinomycetes",2,"donglingshan"
"1616","CS34","Ustilaginomycetes",0,"donglingshan"
"1617","CS4","Agaricomycetes",0,"donglingshan"
"1618","CS4","Dothideomycetes",5,"donglingshan"
"1619","CS4","Eurotiomycetes",0,"donglingshan"
"1620","CS4","Exobasidiomycetes",0,"donglingshan"
"1621","CS4","Leotiomycetes",0,"donglingshan"
"1622","CS4","Sordariomycetes",3,"donglingshan"
"1623","CS4","Taphrinomycetes",2,"donglingshan"
"1624","CS4","Ustilaginomycetes",0,"donglingshan"
"1625","CS5","Agaricomycetes",0,"donglingshan"
"1626","CS5","Dothideomycetes",6,"donglingshan"
"1627","CS5","Eurotiomycetes",1,"donglingshan"
"1628","CS5","Exobasidiomycetes",0,"donglingshan"
"1629","CS5","Leotiomycetes",1,"donglingshan"
"1630","CS5","Sordariomycetes",5,"donglingshan"
"1631","CS5","Taphrinomycetes",0,"donglingshan"
"1632","CS5","Ustilaginomycetes",0,"donglingshan"
"1633","CS51","Agaricomycetes",0,"badagongshan"
"1634","CS51","Dothideomycetes",2,"badagongshan"
"1635","CS51","Eurotiomycetes",0,"badagongshan"
"1636","CS51","Exobasidiomycetes",0,"badagongshan"
"1637","CS51","Leotiomycetes",1,"badagongshan"
"1638","CS51","Sordariomycetes",2,"badagongshan"
"1639","CS51","Taphrinomycetes",0,"badagongshan"
"1640","CS51","Ustilaginomycetes",0,"badagongshan"
"1641","CS52","Agaricomycetes",0,"badagongshan"
"1642","CS52","Dothideomycetes",5,"badagongshan"
"1643","CS52","Eurotiomycetes",0,"badagongshan"
"1644","CS52","Exobasidiomycetes",0,"badagongshan"
"1645","CS52","Leotiomycetes",1,"badagongshan"
"1646","CS52","Sordariomycetes",5,"badagongshan"
"1647","CS52","Taphrinomycetes",0,"badagongshan"
"1648","CS52","Ustilaginomycetes",0,"badagongshan"
"1649","CS53","Agaricomycetes",0,"badagongshan"
"1650","CS53","Dothideomycetes",5,"badagongshan"
"1651","CS53","Eurotiomycetes",0,"badagongshan"
"1652","CS53","Exobasidiomycetes",0,"badagongshan"
"1653","CS53","Leotiomycetes",1,"badagongshan"
"1654","CS53","Sordariomycetes",11,"badagongshan"
"1655","CS53","Taphrinomycetes",0,"badagongshan"
"1656","CS53","Ustilaginomycetes",0,"badagongshan"
"1657","CS54","Agaricomycetes",0,"badagongshan"
"1658","CS54","Dothideomycetes",7,"badagongshan"
"1659","CS54","Eurotiomycetes",0,"badagongshan"
"1660","CS54","Exobasidiomycetes",0,"badagongshan"
"1661","CS54","Leotiomycetes",1,"badagongshan"
"1662","CS54","Sordariomycetes",14,"badagongshan"
"1663","CS54","Taphrinomycetes",0,"badagongshan"
"1664","CS54","Ustilaginomycetes",0,"badagongshan"
"1665","CS55","Agaricomycetes",0,"badagongshan"
"1666","CS55","Dothideomycetes",4,"badagongshan"
"1667","CS55","Eurotiomycetes",0,"badagongshan"
"1668","CS55","Exobasidiomycetes",0,"badagongshan"
"1669","CS55","Leotiomycetes",0,"badagongshan"
"1670","CS55","Sordariomycetes",7,"badagongshan"
"1671","CS55","Taphrinomycetes",0,"badagongshan"
"1672","CS55","Ustilaginomycetes",0,"badagongshan"
"1673","CS56","Agaricomycetes",0,"badagongshan"
"1674","CS56","Dothideomycetes",4,"badagongshan"
"1675","CS56","Eurotiomycetes",0,"badagongshan"
"1676","CS56","Exobasidiomycetes",0,"badagongshan"
"1677","CS56","Leotiomycetes",0,"badagongshan"
"1678","CS56","Sordariomycetes",8,"badagongshan"
"1679","CS56","Taphrinomycetes",0,"badagongshan"
"1680","CS56","Ustilaginomycetes",0,"badagongshan"
"1681","CS57","Agaricomycetes",0,"badagongshan"
"1682","CS57","Dothideomycetes",4,"badagongshan"
"1683","CS57","Eurotiomycetes",0,"badagongshan"
"1684","CS57","Exobasidiomycetes",0,"badagongshan"
"1685","CS57","Leotiomycetes",0,"badagongshan"
"1686","CS57","Sordariomycetes",11,"badagongshan"
"1687","CS57","Taphrinomycetes",0,"badagongshan"
"1688","CS57","Ustilaginomycetes",0,"badagongshan"
"1689","CS58","Agaricomycetes",0,"badagongshan"
"1690","CS58","Dothideomycetes",4,"badagongshan"
"1691","CS58","Eurotiomycetes",0,"badagongshan"
"1692","CS58","Exobasidiomycetes",0,"badagongshan"
"1693","CS58","Leotiomycetes",1,"badagongshan"
"1694","CS58","Sordariomycetes",12,"badagongshan"
"1695","CS58","Taphrinomycetes",0,"badagongshan"
"1696","CS58","Ustilaginomycetes",0,"badagongshan"
"1697","CS59","Agaricomycetes",0,"badagongshan"
"1698","CS59","Dothideomycetes",9,"badagongshan"
"1699","CS59","Eurotiomycetes",0,"badagongshan"
"1700","CS59","Exobasidiomycetes",0,"badagongshan"
"1701","CS59","Leotiomycetes",0,"badagongshan"
"1702","CS59","Sordariomycetes",13,"badagongshan"
"1703","CS59","Taphrinomycetes",0,"badagongshan"
"1704","CS59","Ustilaginomycetes",0,"badagongshan"
"1705","CS6","Agaricomycetes",0,"donglingshan"
"1706","CS6","Dothideomycetes",4,"donglingshan"
"1707","CS6","Eurotiomycetes",0,"donglingshan"
"1708","CS6","Exobasidiomycetes",0,"donglingshan"
"1709","CS6","Leotiomycetes",0,"donglingshan"
"1710","CS6","Sordariomycetes",3,"donglingshan"
"1711","CS6","Taphrinomycetes",2,"donglingshan"
"1712","CS6","Ustilaginomycetes",0,"donglingshan"
"1713","CS60","Agaricomycetes",0,"badagongshan"
"1714","CS60","Dothideomycetes",7,"badagongshan"
"1715","CS60","Eurotiomycetes",0,"badagongshan"
"1716","CS60","Exobasidiomycetes",0,"badagongshan"
"1717","CS60","Leotiomycetes",1,"badagongshan"
"1718","CS60","Sordariomycetes",8,"badagongshan"
"1719","CS60","Taphrinomycetes",0,"badagongshan"
"1720","CS60","Ustilaginomycetes",1,"badagongshan"
"1721","CS61","Agaricomycetes",0,"badagongshan"
"1722","CS61","Dothideomycetes",8,"badagongshan"
"1723","CS61","Eurotiomycetes",0,"badagongshan"
"1724","CS61","Exobasidiomycetes",0,"badagongshan"
"1725","CS61","Leotiomycetes",1,"badagongshan"
"1726","CS61","Sordariomycetes",17,"badagongshan"
"1727","CS61","Taphrinomycetes",0,"badagongshan"
"1728","CS61","Ustilaginomycetes",1,"badagongshan"
"1729","CS62","Agaricomycetes",0,"badagongshan"
"1730","CS62","Dothideomycetes",10,"badagongshan"
"1731","CS62","Eurotiomycetes",0,"badagongshan"
"1732","CS62","Exobasidiomycetes",0,"badagongshan"
"1733","CS62","Leotiomycetes",3,"badagongshan"
"1734","CS62","Sordariomycetes",14,"badagongshan"
"1735","CS62","Taphrinomycetes",0,"badagongshan"
"1736","CS62","Ustilaginomycetes",0,"badagongshan"
"1737","CS63","Agaricomycetes",0,"badagongshan"
"1738","CS63","Dothideomycetes",3,"badagongshan"
"1739","CS63","Eurotiomycetes",0,"badagongshan"
"1740","CS63","Exobasidiomycetes",0,"badagongshan"
"1741","CS63","Leotiomycetes",0,"badagongshan"
"1742","CS63","Sordariomycetes",2,"badagongshan"
"1743","CS63","Taphrinomycetes",0,"badagongshan"
"1744","CS63","Ustilaginomycetes",1,"badagongshan"
"1745","CS64","Agaricomycetes",0,"badagongshan"
"1746","CS64","Dothideomycetes",4,"badagongshan"
"1747","CS64","Eurotiomycetes",0,"badagongshan"
"1748","CS64","Exobasidiomycetes",0,"badagongshan"
"1749","CS64","Leotiomycetes",0,"badagongshan"
"1750","CS64","Sordariomycetes",0,"badagongshan"
"1751","CS64","Taphrinomycetes",0,"badagongshan"
"1752","CS64","Ustilaginomycetes",0,"badagongshan"
"1753","CS65","Agaricomycetes",0,"badagongshan"
"1754","CS65","Dothideomycetes",5,"badagongshan"
"1755","CS65","Eurotiomycetes",0,"badagongshan"
"1756","CS65","Exobasidiomycetes",0,"badagongshan"
"1757","CS65","Leotiomycetes",1,"badagongshan"
"1758","CS65","Sordariomycetes",8,"badagongshan"
"1759","CS65","Taphrinomycetes",0,"badagongshan"
"1760","CS65","Ustilaginomycetes",0,"badagongshan"
"1761","CS66","Agaricomycetes",0,"badagongshan"
"1762","CS66","Dothideomycetes",5,"badagongshan"
"1763","CS66","Eurotiomycetes",1,"badagongshan"
"1764","CS66","Exobasidiomycetes",0,"badagongshan"
"1765","CS66","Leotiomycetes",0,"badagongshan"
"1766","CS66","Sordariomycetes",8,"badagongshan"
"1767","CS66","Taphrinomycetes",0,"badagongshan"
"1768","CS66","Ustilaginomycetes",0,"badagongshan"
"1769","CS67","Agaricomycetes",0,"badagongshan"
"1770","CS67","Dothideomycetes",7,"badagongshan"
"1771","CS67","Eurotiomycetes",0,"badagongshan"
"1772","CS67","Exobasidiomycetes",0,"badagongshan"
"1773","CS67","Leotiomycetes",2,"badagongshan"
"1774","CS67","Sordariomycetes",15,"badagongshan"
"1775","CS67","Taphrinomycetes",0,"badagongshan"
"1776","CS67","Ustilaginomycetes",0,"badagongshan"
"1777","CS68","Agaricomycetes",0,"badagongshan"
"1778","CS68","Dothideomycetes",3,"badagongshan"
"1779","CS68","Eurotiomycetes",0,"badagongshan"
"1780","CS68","Exobasidiomycetes",0,"badagongshan"
"1781","CS68","Leotiomycetes",2,"badagongshan"
"1782","CS68","Sordariomycetes",11,"badagongshan"
"1783","CS68","Taphrinomycetes",0,"badagongshan"
"1784","CS68","Ustilaginomycetes",0,"badagongshan"
"1785","CS69","Agaricomycetes",0,"badagongshan"
"1786","CS69","Dothideomycetes",3,"badagongshan"
"1787","CS69","Eurotiomycetes",0,"badagongshan"
"1788","CS69","Exobasidiomycetes",0,"badagongshan"
"1789","CS69","Leotiomycetes",1,"badagongshan"
"1790","CS69","Sordariomycetes",8,"badagongshan"
"1791","CS69","Taphrinomycetes",0,"badagongshan"
"1792","CS69","Ustilaginomycetes",0,"badagongshan"
"1793","CS7","Agaricomycetes",0,"donglingshan"
"1794","CS7","Dothideomycetes",4,"donglingshan"
"1795","CS7","Eurotiomycetes",0,"donglingshan"
"1796","CS7","Exobasidiomycetes",0,"donglingshan"
"1797","CS7","Leotiomycetes",0,"donglingshan"
"1798","CS7","Sordariomycetes",3,"donglingshan"
"1799","CS7","Taphrinomycetes",2,"donglingshan"
"1800","CS7","Ustilaginomycetes",0,"donglingshan"
"1801","CS70","Agaricomycetes",0,"badagongshan"
"1802","CS70","Dothideomycetes",13,"badagongshan"
"1803","CS70","Eurotiomycetes",0,"badagongshan"
"1804","CS70","Exobasidiomycetes",0,"badagongshan"
"1805","CS70","Leotiomycetes",3,"badagongshan"
"1806","CS70","Sordariomycetes",19,"badagongshan"
"1807","CS70","Taphrinomycetes",0,"badagongshan"
"1808","CS70","Ustilaginomycetes",0,"badagongshan"
"1809","CS71","Agaricomycetes",0,"badagongshan"
"1810","CS71","Dothideomycetes",10,"badagongshan"
"1811","CS71","Eurotiomycetes",0,"badagongshan"
"1812","CS71","Exobasidiomycetes",0,"badagongshan"
"1813","CS71","Leotiomycetes",1,"badagongshan"
"1814","CS71","Sordariomycetes",19,"badagongshan"
"1815","CS71","Taphrinomycetes",0,"badagongshan"
"1816","CS71","Ustilaginomycetes",0,"badagongshan"
"1817","CS72","Agaricomycetes",0,"badagongshan"
"1818","CS72","Dothideomycetes",6,"badagongshan"
"1819","CS72","Eurotiomycetes",0,"badagongshan"
"1820","CS72","Exobasidiomycetes",0,"badagongshan"
"1821","CS72","Leotiomycetes",2,"badagongshan"
"1822","CS72","Sordariomycetes",10,"badagongshan"
"1823","CS72","Taphrinomycetes",0,"badagongshan"
"1824","CS72","Ustilaginomycetes",0,"badagongshan"
"1825","CS73","Agaricomycetes",0,"badagongshan"
"1826","CS73","Dothideomycetes",2,"badagongshan"
"1827","CS73","Eurotiomycetes",1,"badagongshan"
"1828","CS73","Exobasidiomycetes",0,"badagongshan"
"1829","CS73","Leotiomycetes",1,"badagongshan"
"1830","CS73","Sordariomycetes",2,"badagongshan"
"1831","CS73","Taphrinomycetes",1,"badagongshan"
"1832","CS73","Ustilaginomycetes",0,"badagongshan"
"1833","CS74","Agaricomycetes",0,"badagongshan"
"1834","CS74","Dothideomycetes",5,"badagongshan"
"1835","CS74","Eurotiomycetes",0,"badagongshan"
"1836","CS74","Exobasidiomycetes",0,"badagongshan"
"1837","CS74","Leotiomycetes",1,"badagongshan"
"1838","CS74","Sordariomycetes",13,"badagongshan"
"1839","CS74","Taphrinomycetes",0,"badagongshan"
"1840","CS74","Ustilaginomycetes",0,"badagongshan"
"1841","CS75","Agaricomycetes",0,"badagongshan"
"1842","CS75","Dothideomycetes",8,"badagongshan"
"1843","CS75","Eurotiomycetes",0,"badagongshan"
"1844","CS75","Exobasidiomycetes",0,"badagongshan"
"1845","CS75","Leotiomycetes",1,"badagongshan"
"1846","CS75","Sordariomycetes",12,"badagongshan"
"1847","CS75","Taphrinomycetes",0,"badagongshan"
"1848","CS75","Ustilaginomycetes",0,"badagongshan"
"1849","CS76","Agaricomycetes",0,"badagongshan"
"1850","CS76","Dothideomycetes",2,"badagongshan"
"1851","CS76","Eurotiomycetes",0,"badagongshan"
"1852","CS76","Exobasidiomycetes",0,"badagongshan"
"1853","CS76","Leotiomycetes",0,"badagongshan"
"1854","CS76","Sordariomycetes",5,"badagongshan"
"1855","CS76","Taphrinomycetes",2,"badagongshan"
"1856","CS76","Ustilaginomycetes",0,"badagongshan"
"1857","CS77","Agaricomycetes",0,"badagongshan"
"1858","CS77","Dothideomycetes",5,"badagongshan"
"1859","CS77","Eurotiomycetes",0,"badagongshan"
"1860","CS77","Exobasidiomycetes",0,"badagongshan"
"1861","CS77","Leotiomycetes",2,"badagongshan"
"1862","CS77","Sordariomycetes",9,"badagongshan"
"1863","CS77","Taphrinomycetes",0,"badagongshan"
"1864","CS77","Ustilaginomycetes",0,"badagongshan"
"1865","CS78","Agaricomycetes",0,"badagongshan"
"1866","CS78","Dothideomycetes",6,"badagongshan"
"1867","CS78","Eurotiomycetes",0,"badagongshan"
"1868","CS78","Exobasidiomycetes",0,"badagongshan"
"1869","CS78","Leotiomycetes",0,"badagongshan"
"1870","CS78","Sordariomycetes",7,"badagongshan"
"1871","CS78","Taphrinomycetes",0,"badagongshan"
"1872","CS78","Ustilaginomycetes",0,"badagongshan"
"1873","CS79","Agaricomycetes",0,"badagongshan"
"1874","CS79","Dothideomycetes",14,"badagongshan"
"1875","CS79","Eurotiomycetes",1,"badagongshan"
"1876","CS79","Exobasidiomycetes",0,"badagongshan"
"1877","CS79","Leotiomycetes",2,"badagongshan"
"1878","CS79","Sordariomycetes",19,"badagongshan"
"1879","CS79","Taphrinomycetes",1,"badagongshan"
"1880","CS79","Ustilaginomycetes",0,"badagongshan"
"1881","CS8","Agaricomycetes",0,"donglingshan"
"1882","CS8","Dothideomycetes",7,"donglingshan"
"1883","CS8","Eurotiomycetes",0,"donglingshan"
"1884","CS8","Exobasidiomycetes",0,"donglingshan"
"1885","CS8","Leotiomycetes",1,"donglingshan"
"1886","CS8","Sordariomycetes",3,"donglingshan"
"1887","CS8","Taphrinomycetes",2,"donglingshan"
"1888","CS8","Ustilaginomycetes",0,"donglingshan"
"1889","CS80","Agaricomycetes",0,"badagongshan"
"1890","CS80","Dothideomycetes",12,"badagongshan"
"1891","CS80","Eurotiomycetes",0,"badagongshan"
"1892","CS80","Exobasidiomycetes",0,"badagongshan"
"1893","CS80","Leotiomycetes",1,"badagongshan"
"1894","CS80","Sordariomycetes",13,"badagongshan"
"1895","CS80","Taphrinomycetes",0,"badagongshan"
"1896","CS80","Ustilaginomycetes",0,"badagongshan"
"1897","CS81","Agaricomycetes",0,"badagongshan"
"1898","CS81","Dothideomycetes",5,"badagongshan"
"1899","CS81","Eurotiomycetes",0,"badagongshan"
"1900","CS81","Exobasidiomycetes",0,"badagongshan"
"1901","CS81","Leotiomycetes",2,"badagongshan"
"1902","CS81","Sordariomycetes",9,"badagongshan"
"1903","CS81","Taphrinomycetes",1,"badagongshan"
"1904","CS81","Ustilaginomycetes",0,"badagongshan"
"1905","CS82","Agaricomycetes",0,"badagongshan"
"1906","CS82","Dothideomycetes",4,"badagongshan"
"1907","CS82","Eurotiomycetes",0,"badagongshan"
"1908","CS82","Exobasidiomycetes",0,"badagongshan"
"1909","CS82","Leotiomycetes",1,"badagongshan"
"1910","CS82","Sordariomycetes",4,"badagongshan"
"1911","CS82","Taphrinomycetes",0,"badagongshan"
"1912","CS82","Ustilaginomycetes",0,"badagongshan"
"1913","CS83","Agaricomycetes",0,"badagongshan"
"1914","CS83","Dothideomycetes",9,"badagongshan"
"1915","CS83","Eurotiomycetes",0,"badagongshan"
"1916","CS83","Exobasidiomycetes",0,"badagongshan"
"1917","CS83","Leotiomycetes",1,"badagongshan"
"1918","CS83","Sordariomycetes",16,"badagongshan"
"1919","CS83","Taphrinomycetes",0,"badagongshan"
"1920","CS83","Ustilaginomycetes",0,"badagongshan"
"1921","CS84","Agaricomycetes",0,"badagongshan"
"1922","CS84","Dothideomycetes",9,"badagongshan"
"1923","CS84","Eurotiomycetes",0,"badagongshan"
"1924","CS84","Exobasidiomycetes",0,"badagongshan"
"1925","CS84","Leotiomycetes",2,"badagongshan"
"1926","CS84","Sordariomycetes",11,"badagongshan"
"1927","CS84","Taphrinomycetes",0,"badagongshan"
"1928","CS84","Ustilaginomycetes",0,"badagongshan"
"1929","CS85","Agaricomycetes",0,"badagongshan"
"1930","CS85","Dothideomycetes",8,"badagongshan"
"1931","CS85","Eurotiomycetes",0,"badagongshan"
"1932","CS85","Exobasidiomycetes",0,"badagongshan"
"1933","CS85","Leotiomycetes",4,"badagongshan"
"1934","CS85","Sordariomycetes",13,"badagongshan"
"1935","CS85","Taphrinomycetes",0,"badagongshan"
"1936","CS85","Ustilaginomycetes",0,"badagongshan"
"1937","CS86","Agaricomycetes",0,"badagongshan"
"1938","CS86","Dothideomycetes",5,"badagongshan"
"1939","CS86","Eurotiomycetes",0,"badagongshan"
"1940","CS86","Exobasidiomycetes",0,"badagongshan"
"1941","CS86","Leotiomycetes",1,"badagongshan"
"1942","CS86","Sordariomycetes",16,"badagongshan"
"1943","CS86","Taphrinomycetes",0,"badagongshan"
"1944","CS86","Ustilaginomycetes",0,"badagongshan"
"1945","CS87","Agaricomycetes",0,"badagongshan"
"1946","CS87","Dothideomycetes",2,"badagongshan"
"1947","CS87","Eurotiomycetes",0,"badagongshan"
"1948","CS87","Exobasidiomycetes",0,"badagongshan"
"1949","CS87","Leotiomycetes",2,"badagongshan"
"1950","CS87","Sordariomycetes",9,"badagongshan"
"1951","CS87","Taphrinomycetes",1,"badagongshan"
"1952","CS87","Ustilaginomycetes",0,"badagongshan"
"1953","CS88","Agaricomycetes",0,"badagongshan"
"1954","CS88","Dothideomycetes",7,"badagongshan"
"1955","CS88","Eurotiomycetes",1,"badagongshan"
"1956","CS88","Exobasidiomycetes",0,"badagongshan"
"1957","CS88","Leotiomycetes",1,"badagongshan"
"1958","CS88","Sordariomycetes",12,"badagongshan"
"1959","CS88","Taphrinomycetes",1,"badagongshan"
"1960","CS88","Ustilaginomycetes",0,"badagongshan"
"1961","CS89","Agaricomycetes",0,"badagongshan"
"1962","CS89","Dothideomycetes",4,"badagongshan"
"1963","CS89","Eurotiomycetes",0,"badagongshan"
"1964","CS89","Exobasidiomycetes",0,"badagongshan"
"1965","CS89","Leotiomycetes",1,"badagongshan"
"1966","CS89","Sordariomycetes",6,"badagongshan"
"1967","CS89","Taphrinomycetes",0,"badagongshan"
"1968","CS89","Ustilaginomycetes",0,"badagongshan"
"1969","CS9","Agaricomycetes",0,"donglingshan"
"1970","CS9","Dothideomycetes",6,"donglingshan"
"1971","CS9","Eurotiomycetes",0,"donglingshan"
"1972","CS9","Exobasidiomycetes",0,"donglingshan"
"1973","CS9","Leotiomycetes",0,"donglingshan"
"1974","CS9","Sordariomycetes",4,"donglingshan"
"1975","CS9","Taphrinomycetes",1,"donglingshan"
"1976","CS9","Ustilaginomycetes",0,"donglingshan"
"1977","CS90","Agaricomycetes",0,"badagongshan"
"1978","CS90","Dothideomycetes",8,"badagongshan"
"1979","CS90","Eurotiomycetes",0,"badagongshan"
"1980","CS90","Exobasidiomycetes",0,"badagongshan"
"1981","CS90","Leotiomycetes",2,"badagongshan"
"1982","CS90","Sordariomycetes",7,"badagongshan"
"1983","CS90","Taphrinomycetes",0,"badagongshan"
"1984","CS90","Ustilaginomycetes",0,"badagongshan"
"1985","CS91","Agaricomycetes",0,"badagongshan"
"1986","CS91","Dothideomycetes",10,"badagongshan"
"1987","CS91","Eurotiomycetes",1,"badagongshan"
"1988","CS91","Exobasidiomycetes",0,"badagongshan"
"1989","CS91","Leotiomycetes",3,"badagongshan"
"1990","CS91","Sordariomycetes",14,"badagongshan"
"1991","CS91","Taphrinomycetes",1,"badagongshan"
"1992","CS91","Ustilaginomycetes",0,"badagongshan"
"1993","CS92","Agaricomycetes",0,"badagongshan"
"1994","CS92","Dothideomycetes",4,"badagongshan"
"1995","CS92","Eurotiomycetes",0,"badagongshan"
"1996","CS92","Exobasidiomycetes",0,"badagongshan"
"1997","CS92","Leotiomycetes",0,"badagongshan"
"1998","CS92","Sordariomycetes",13,"badagongshan"
"1999","CS92","Taphrinomycetes",0,"badagongshan"
"2000","CS92","Ustilaginomycetes",0,"badagongshan"
"2001","CS93","Agaricomycetes",0,"badagongshan"
"2002","CS93","Dothideomycetes",5,"badagongshan"
"2003","CS93","Eurotiomycetes",0,"badagongshan"
"2004","CS93","Exobasidiomycetes",0,"badagongshan"
"2005","CS93","Leotiomycetes",1,"badagongshan"
"2006","CS93","Sordariomycetes",11,"badagongshan"
"2007","CS93","Taphrinomycetes",0,"badagongshan"
"2008","CS93","Ustilaginomycetes",0,"badagongshan"
"2009","CS94","Agaricomycetes",0,"badagongshan"
"2010","CS94","Dothideomycetes",11,"badagongshan"
"2011","CS94","Eurotiomycetes",0,"badagongshan"
"2012","CS94","Exobasidiomycetes",0,"badagongshan"
"2013","CS94","Leotiomycetes",3,"badagongshan"
"2014","CS94","Sordariomycetes",21,"badagongshan"
"2015","CS94","Taphrinomycetes",2,"badagongshan"
"2016","CS94","Ustilaginomycetes",0,"badagongshan"
"2017","CS95","Agaricomycetes",0,"badagongshan"
"2018","CS95","Dothideomycetes",11,"badagongshan"
"2019","CS95","Eurotiomycetes",0,"badagongshan"
"2020","CS95","Exobasidiomycetes",0,"badagongshan"
"2021","CS95","Leotiomycetes",1,"badagongshan"
"2022","CS95","Sordariomycetes",9,"badagongshan"
"2023","CS95","Taphrinomycetes",0,"badagongshan"
"2024","CS95","Ustilaginomycetes",0,"badagongshan"
"2025","CS96","Agaricomycetes",0,"badagongshan"
"2026","CS96","Dothideomycetes",7,"badagongshan"
"2027","CS96","Eurotiomycetes",0,"badagongshan"
"2028","CS96","Exobasidiomycetes",0,"badagongshan"
"2029","CS96","Leotiomycetes",3,"badagongshan"
"2030","CS96","Sordariomycetes",17,"badagongshan"
"2031","CS96","Taphrinomycetes",0,"badagongshan"
"2032","CS96","Ustilaginomycetes",0,"badagongshan"
"2033","CS97","Agaricomycetes",0,"badagongshan"
"2034","CS97","Dothideomycetes",3,"badagongshan"
"2035","CS97","Eurotiomycetes",1,"badagongshan"
"2036","CS97","Exobasidiomycetes",0,"badagongshan"
"2037","CS97","Leotiomycetes",2,"badagongshan"
"2038","CS97","Sordariomycetes",3,"badagongshan"
"2039","CS97","Taphrinomycetes",1,"badagongshan"
"2040","CS97","Ustilaginomycetes",0,"badagongshan"
"2041","CS98","Agaricomycetes",0,"badagongshan"
"2042","CS98","Dothideomycetes",2,"badagongshan"
"2043","CS98","Eurotiomycetes",0,"badagongshan"
"2044","CS98","Exobasidiomycetes",0,"badagongshan"
"2045","CS98","Leotiomycetes",0,"badagongshan"
"2046","CS98","Sordariomycetes",4,"badagongshan"
"2047","CS98","Taphrinomycetes",1,"badagongshan"
"2048","CS98","Ustilaginomycetes",0,"badagongshan"
"2049","CS99","Agaricomycetes",0,"badagongshan"
"2050","CS99","Dothideomycetes",7,"badagongshan"
"2051","CS99","Eurotiomycetes",0,"badagongshan"
"2052","CS99","Exobasidiomycetes",0,"badagongshan"
"2053","CS99","Leotiomycetes",2,"badagongshan"
"2054","CS99","Sordariomycetes",12,"badagongshan"
"2055","CS99","Taphrinomycetes",0,"badagongshan"
"2056","CS99","Ustilaginomycetes",0,"badagongshan"
